chembl_id,canonical_smiles,disease,pchembl,target_name,mol,ecfp,scaffold_rdkit,mol_wt,logp,hbd,hba,tpsa,rotatable_bonds,drug_likeness_pass
CHEMBL3348817,C=C[C@@H]1C[C@]1(NC(=O)[C@@H]1C[C@@H]2CN1C(=O)[C@H](C(C)(C)C)NC(=O)O[C@@H]1C[C@H]1CCCCCc1c(nc3ccccc3c1O[C@H]1C[C@H]3CC[C@@H](C1)N3CCOC)O2)C(=O)NS(=O)(=O)C1(C)CC1,DENGUE,9.770303756120384,NS3 protease,<rdkit.Chem.rdchem.Mol object at 0x0000021ACD820580>,[0 0 1 ... 0 0 1],O=C1NCC(=O)N2CC(CC2C(=O)NC2(C(=O)NS(=O)(=O)C3CC3)CC2)Oc2nc3ccccc3c(OC3CC4CCC(C3)N4)c2CCCCCC2CC2O1,933.1819999999998,5.309000000000006,3,12,194.79999999999998,11,False
CHEMBL159723,CC[C@H](NC(=O)[C@H](CC1CCCCC1)NC(=O)[C@H](CCC(=O)O)NC(=O)[C@@H](NC(=O)[C@H](CCC(=O)O)NC(=O)[C@H](CC(=O)O)NC(C)=O)C(c1ccccc1)c1ccccc1)C(=O)O,DENGUE,6.154901959985743,NS3 protease,<rdkit.Chem.rdchem.Mol object at 0x0000021ACD8205F0>,[0 1 1 ... 0 0 0],O=C(CNC(=O)CC(c1ccccc1)c1ccccc1)NCCC1CCCCC1,894.9760000000002,1.416500000000012,10,10,323.79999999999995,26,False
CHEMBL231813,CCC[C@H](NC(=O)[C@@H]1[C@H]2CCC[C@H]2CN1C(=O)[C@@H](NC(=O)[C@@H](NC(=O)c1cnccn1)C1CCCCC1)C(C)(C)C)C(=O)C(=O)NC1CC1,DENGUE,6.301116871936775,NS3 protease,<rdkit.Chem.rdchem.Mol object at 0x0000021ACD820660>,[0 1 1 ... 0 0 0],O=C(CNC(=O)C1C2CCCC2CN1C(=O)CNC(=O)C(NC(=O)c1cnccn1)C1CCCCC1)C(=O)NC1CC1,679.8629999999999,2.4459000000000035,4,8,179.56,13,False
CHEMBL3348818,C=C[C@@H]1C[C@]1(NC(=O)[C@@H]1C[C@@H]2CN1C(=O)[C@H](C(C)(C)C)NC(=O)O[C@@H]1C[C@H]1CCCCCc1c(nc3ccccc3c1O[C@H]1C[C@H]3CC[C@@H](C1)N3CC)O2)C(=O)NS(=O)(=O)C1(C)CC1,DENGUE,10.03786035696906,NS3 protease,<rdkit.Chem.rdchem.Mol object at 0x0000021ACD8206D0>,[0 0 1 ... 0 0 1],O=C1NCC(=O)N2CC(CC2C(=O)NC2(C(=O)NS(=O)(=O)C3CC3)CC2)Oc2nc3ccccc3c(OC3CC4CCC(C3)N4)c2CCCCCC2CC2O1,903.1559999999998,5.682500000000005,3,11,185.57,9,False
CHEMBL4516471,O=C(N[C@H]1CCCCC/C=C\C2C[C@@]2(C(=O)O)NC(=O)[C@@H]2C[C@@H](Oc3ccncc3)CN2C1=O)OC1CCCC1,DENGUE,5.3124710387853655,NS3 protease,<rdkit.Chem.rdchem.Mol object at 0x0000021ACD820740>,[0 0 1 ... 0 0 0],O=C(NC1CCCCCC=CC2CC2NC(=O)C2CC(Oc3ccncc3)CN2C1=O)OC1CCCC1,554.6440000000001,2.9471,3,7,147.16,5,False
CHEMBL3349199,C=C[C@@H]1C[C@]1(NC(=O)[C@@H]1C[C@@H]2CN1C(=O)[C@H](C1CCCCC1)NC(=O)O[C@@H]1C[C@H]1CCCCCc1c(nc3ccccc3c1O[C@H]1C[C@H]3CC[C@@H](C1)N3)O2)C(=O)NS(=O)(=O)C1(C)CC1,DENGUE,10.19897000433602,NS3 protease,<rdkit.Chem.rdchem.Mol object at 0x0000021ACD8207B0>,[0 0 1 ... 0 0 1],O=C1NC(C2CCCCC2)C(=O)N2CC(CC2C(=O)NC2(C(=O)NS(=O)(=O)C3CC3)CC2)Oc2nc3ccccc3c(OC3CC4CCC(C3)N4)c2CCCCCC2CC2O1,901.1400000000001,5.484400000000004,4,11,194.35999999999999,9,False
CHEMBL3349200,C=C[C@@H]1C[C@]1(NC(=O)[C@@H]1C[C@@H]2CN1C(=O)[C@H](C(C)(C)C)NC(=O)O[C@@H]1C[C@H]1CCCCCc1c(nc3ccccc3c1O[C@@H]1C[C@H]3CC[C@@H](C1)N3CCOC)O2)C(=O)NS(=O)(=O)C1(C)CC1,DENGUE,8.984295767874187,NS3 protease,<rdkit.Chem.rdchem.Mol object at 0x0000021ACD820820>,[0 0 1 ... 0 0 1],O=C1NCC(=O)N2CC(CC2C(=O)NC2(C(=O)NS(=O)(=O)C3CC3)CC2)Oc2nc3ccccc3c(OC3CC4CCC(C3)N4)c2CCCCCC2CC2O1,933.1819999999998,5.309000000000006,3,12,194.79999999999998,11,False
CHEMBL3349201,C=C[C@@H]1C[C@]1(NC(=O)[C@@H]1C[C@@H]2CN1C(=O)[C@H](C(C)(C)C)NC(=O)O[C@@H]1C[C@H]1CCCCCc1c(nc3ccccc3c1O[C@@H]1C[C@H]3CC[C@@H](C1)N3CC)O2)C(=O)NS(=O)(=O)C1(C)CC1,DENGUE,9.362229155799344,NS3 protease,<rdkit.Chem.rdchem.Mol object at 0x0000021ACD820890>,[0 0 1 ... 0 0 1],O=C1NCC(=O)N2CC(CC2C(=O)NC2(C(=O)NS(=O)(=O)C3CC3)CC2)Oc2nc3ccccc3c(OC3CC4CCC(C3)N4)c2CCCCCC2CC2O1,903.1559999999998,5.682500000000005,3,11,185.57,9,False
CHEMBL3349202,C=C[C@@H]1C[C@]1(NC(=O)[C@@H]1C[C@@H]2CN1C(=O)[C@H](C1CCCCC1)NC(=O)O[C@@H]1C[C@H]1CCCCCc1c(nc3ccccc3c1O[C@H]1C[C@H]3CC[C@@H](C1)N3CCOC)O2)C(=O)NS(=O)(=O)C1(C)CC1,DENGUE,9.588589177348448,NS3 protease,<rdkit.Chem.rdchem.Mol object at 0x0000021ACD820900>,[0 0 1 ... 0 0 1],O=C1NC(C2CCCCC2)C(=O)N2CC(CC2C(=O)NC2(C(=O)NS(=O)(=O)C3CC3)CC2)Oc2nc3ccccc3c(OC3CC4CCC(C3)N4)c2CCCCCC2CC2O1,959.2199999999999,5.843200000000007,3,12,194.79999999999998,12,False
CHEMBL3349203,C=C[C@@H]1C[C@]1(NC(=O)[C@@H]1C[C@@H]2CN1C(=O)[C@H](C1CCCCC1)NC(=O)O[C@@H]1C[C@H]1CCCCCc1c(nc3ccccc3c1O[C@H]1C[C@H]3CC[C@@H](C1)N3C)O2)C(=O)NS(=O)(=O)C1(C)CC1,DENGUE,9.472693472721556,NS3 protease,<rdkit.Chem.rdchem.Mol object at 0x0000021ACD820970>,[0 1 1 ... 0 0 1],O=C1NC(C2CCCCC2)C(=O)N2CC(CC2C(=O)NC2(C(=O)NS(=O)(=O)C3CC3)CC2)Oc2nc3ccccc3c(OC3CC4CCC(C3)N4)c2CCCCCC2CC2O1,915.167,5.826600000000005,3,11,185.57,9,False
CHEMBL417559,CC(=O)N[C@@H](CC(=O)O)C(=O)N[C@@H](CCC(=O)O)C(=O)N[C@H](C(=O)N[C@@H](CCC(=O)O)C(=O)N[C@@H](CC1CCCCC1)C(=O)N[C@@H](CS)C(=O)O)C(c1ccccc1)c1ccccc1,DENGUE,7.397940008672037,NS3 protease,<rdkit.Chem.rdchem.Mol object at 0x0000021ACD8209E0>,[0 1 1 ... 0 0 0],O=C(CNC(=O)CC(c1ccccc1)c1ccccc1)NCCC1CCCCC1,913.0159999999998,0.9363000000000037,11,11,323.7999999999999,26,False
CHEMBL421233,CC(=O)N[C@@H](CC(=O)O)C(=O)N[C@@H](CCC(=O)O)C(=O)N[C@H](C(=O)N[C@@H](CCC(=O)O)C(=O)N[C@@H](CC1CCCCC1)C(=O)N[C@@H](CC(F)F)C(=O)O)C(c1ccccc1)c1ccccc1,DENGUE,7.522878745280337,NS3 protease,<rdkit.Chem.rdchem.Mol object at 0x0000021ACD820A50>,[0 1 1 ... 0 0 0],O=C(CNC(=O)CC(c1ccccc1)c1ccccc1)NCCC1CCCCC1,930.9559999999999,1.6617000000000046,10,10,323.7999999999999,27,False
CHEMBL4588900,COc1ccc2c(O[C@@H]3C[C@H]4C(=O)N[C@]5(C(=O)O)CC5/C=C\CCCCC[C@H](NC(=O)OC5CCCC5)C(=O)N4C3)cc(-c3csc(NC(=O)C(C)C)n3)nc2c1C,DENGUE,8.337242168318426,NS3 protease,<rdkit.Chem.rdchem.Mol object at 0x0000021ACD820AC0>,[0 1 1 ... 0 0 0],O=C(NC1CCCCCC=CC2CC2NC(=O)C2CC(Oc3cc(-c4cscn4)nc4ccccc34)CN2C1=O)OC1CCCC1,816.978,6.135320000000005,4,11,198.38,9,False
CHEMBL1170411,C=CCCCCS(=O)(=O)NC(=O)[C@H](CCC)NC(=O)[C@H](NC(=O)[C@@H](NC(=O)OC(C)(C)C)C(C)(C)C)c1ccc(Oc2cc(-c3ccccc3)nc3cc(OC)ccc23)c(C=C)c1,DENGUE,6.422180183120112,NS3 protease,<rdkit.Chem.rdchem.Mol object at 0x0000021ACD820B30>,[0 1 0 ... 0 0 0],c1ccc(Oc2cc(-c3ccccc3)nc3ccccc23)cc1,884.1089999999999,8.529600000000004,4,10,191.11999999999998,20,False
CHEMBL1170417,C=Cc1cc([C@@H](NC(=O)[C@@H](NC(=O)OC(C)(C)C)C(C)(C)C)C(=O)N[C@@H](CCC)C(=O)NS(=O)(=O)c2ccccc2C=C)ccc1Oc1cc(-c2ccccc2)nc2cc(OC)ccc12,DENGUE,6.69149982943955,NS3 protease,<rdkit.Chem.rdchem.Mol object at 0x0000021ACD820BA0>,[0 1 0 ... 0 0 0],O=C(Cc1ccc(Oc2cc(-c3ccccc3)nc3ccccc23)cc1)NCC(=O)NS(=O)(=O)c1ccccc1,904.0989999999999,8.875400000000003,4,10,191.11999999999998,17,False
CHEMBL1170410,C=CCCCCS(=O)(=O)NC(=O)[C@H](CCC)NC(=O)[C@@H](NC(=O)[C@@H](NC(=O)OC(C)(C)C)C(C)(C)C)c1ccc(Oc2cc(-c3ccccc3)nc3cc(OC)ccc23)c(C=C)c1,DENGUE,6.414575898178345,NS3 protease,<rdkit.Chem.rdchem.Mol object at 0x0000021ACD820C10>,[0 1 0 ... 0 0 0],c1ccc(Oc2cc(-c3ccccc3)nc3ccccc23)cc1,884.1089999999999,8.529600000000004,4,10,191.11999999999998,20,False
CHEMBL258734,CC(C)(C)OC(=O)N[C@H]1CCCCC/C=C\[C@@H]2C[C@@]2(C(=O)NS(=O)(=O)C2CC2)NC(=O)[C@@H]2C[C@@H](OC(=O)N3Cc4cccc(F)c4C3)CN2C1=O,DENGUE,7.697239738281265,NS3 protease,<rdkit.Chem.rdchem.Mol object at 0x0000021ACD820C80>,[0 0 1 ... 0 0 0],O=C1NC2(C(=O)NS(=O)(=O)C3CC3)CC2C=CCCCCCCC(=O)N2CC(OC(=O)N3Cc4ccccc4C3)CC12,731.8439999999999,3.144300000000004,3,9,180.51999999999998,5,False
CHEMBL1170409,C=CCCCS(=O)(=O)NC(=O)[C@H](CCC)NC(=O)[C@H](NC(=O)[C@@H](NC(=O)OC(C)(C)C)C(C)(C)C)c1ccc(Oc2cc(-c3ccccc3)nc3cc(OC)ccc23)c(C=C)c1,DENGUE,6.742858976069812,NS3 protease,<rdkit.Chem.rdchem.Mol object at 0x0000021ACD820CF0>,[0 1 0 ... 0 0 0],c1ccc(Oc2cc(-c3ccccc3)nc3ccccc23)cc1,870.082,8.139500000000007,4,10,191.11999999999998,19,False
CHEMBL1170416,C=Cc1cc([C@H](NC(=O)[C@@H](NC(=O)OC(C)(C)C)C(C)(C)C)C(=O)N[C@@H](CCC)C(=O)NS(=O)(=O)c2ccccc2C=C)ccc1Oc1cc(-c2ccccc2)nc2cc(OC)ccc12,DENGUE,6.474423738776309,NS3 protease,<rdkit.Chem.rdchem.Mol object at 0x0000021ACD820D60>,[0 1 0 ... 0 0 0],O=C(Cc1ccc(Oc2cc(-c3ccccc3)nc3ccccc23)cc1)NCC(=O)NS(=O)(=O)c1ccccc1,904.0989999999999,8.875400000000003,4,10,191.11999999999998,17,False
CHEMBL1222903,O=C(O)CNc1nc(Cl)c(Cc2ccccc2)n(CC(=O)Nc2ccccc2C(=O)NS(=O)(=O)c2ccc(C(F)(F)F)cc2)c1=O,DENGUE,5.555349148746845,NS3 protease,<rdkit.Chem.rdchem.Mol object at 0x0000021ACD820DD0>,[0 0 0 ... 0 0 0],O=C(Cn1c(Cc2ccccc2)cncc1=O)Nc1ccccc1C(=O)NS(=O)(=O)c1ccccc1,678.0450000000003,3.760200000000002,4,9,176.55999999999997,11,False
CHEMBL1222902,O=C(O)CNc1nc(Cl)c(-c2ccccc2)n(CC(=O)Nc2ccccc2C(=O)NS(=O)(=O)c2ccc(C(F)(F)F)cc2)c1=O,DENGUE,5.236830361305078,NS3 protease,<rdkit.Chem.rdchem.Mol object at 0x0000021ACD820E40>,[0 0 0 ... 0 0 0],O=C(Cn1c(-c2ccccc2)cncc1=O)Nc1ccccc1C(=O)NS(=O)(=O)c1ccccc1,664.0180000000004,3.836400000000002,4,9,176.55999999999997,10,False
CHEMBL1222752,C=C[C@@H]1C[C@]1(NC(=O)C(c1ccccc1)n1c(C)c(Cl)nc(NC(=O)OC(C)(C)C)c1=O)C(=O)NS(=O)(=O)C1CC1,DENGUE,5.147324768557144,NS3 protease,<rdkit.Chem.rdchem.Mol object at 0x0000021ACD820EB0>,[0 1 0 ... 0 0 0],O=C(NC1(C(=O)NS(=O)(=O)C2CC2)CC1)C(c1ccccc1)n1ccncc1=O,606.1010000000001,2.8108200000000005,3,9,165.56,9,False
CHEMBL1222749,Cc1c(Cl)nc(NC(=O)OC(C)(C)C)c(=O)n1C(C(=O)Nc1ccccc1C(=O)NS(=O)(=O)c1ccc(C(F)(F)F)cc1)c1ccccc1,DENGUE,5.796729909783022,NS3 protease,<rdkit.Chem.rdchem.Mol object at 0x0000021ACD820F20>,[0 1 0 ... 0 0 0],O=C(NS(=O)(=O)c1ccccc1)c1ccccc1NC(=O)C(c1ccccc1)n1ccncc1=O,720.1260000000003,5.9177200000000045,3,9,165.55999999999997,8,False
CHEMBL1222901,O=C(O)CNc1nc(Cl)cn(C(C(=O)Nc2ccccc2C(=O)NS(=O)(=O)c2ccc(C(F)(F)F)cc2)c2ccccc2)c1=O,DENGUE,5.469273760456403,NS3 protease,<rdkit.Chem.rdchem.Mol object at 0x0000021ACD820F90>,[0 1 0 ... 0 0 0],O=C(NS(=O)(=O)c1ccccc1)c1ccccc1NC(=O)C(c1ccccc1)n1ccncc1=O,664.0180000000003,3.7588000000000017,4,9,176.55999999999997,10,False
CHEMBL5599838,CC(C)NC(=O)[C@H](Nc1ccc2c(c1)CNC2)c1cc(Cl)cc2[nH]c(-c3ccccc3)nc12,DENGUE,5.2546008706483045,NS3 protease,<rdkit.Chem.rdchem.Mol object at 0x0000021ACD821000>,[0 1 0 ... 0 0 0],c1ccc(-c2nc3c(CNc4ccc5c(c4)CNC5)cccc3[nH]2)cc1,459.98100000000017,5.1643000000000026,4,4,81.84,6,False
CHEMBL5605069,O=C(Nc1ccc2c(c1)CNC2)c1cc(Cl)cc2cc[nH]c12,DENGUE,4.002176919254275,NS3 protease,<rdkit.Chem.rdchem.Mol object at 0x0000021ACD821070>,[0 0 0 ... 0 0 0],O=C(Nc1ccc2c(c1)CNC2)c1cccc2cc[nH]c12,311.772,3.676800000000002,3,2,56.92,2,True
CHEMBL5605549,O=C(Nc1ccc2c(c1)CNC2)c1cccc2[nH]c(=O)[nH]c12,DENGUE,4.183592970381362,NS3 protease,<rdkit.Chem.rdchem.Mol object at 0x0000021ACD8210E0>,[0 0 0 ... 0 0 0],O=C(Nc1ccc2c(c1)CNC2)c1cccc2[nH]c(=O)[nH]c12,294.314,1.7116999999999998,4,3,89.78,2,True
CHEMBL5598786,O=C(Nc1ccc2c(c1)CNC2)c1cc(F)cc2[nH]ncc12,DENGUE,4.166024628720094,NS3 protease,<rdkit.Chem.rdchem.Mol object at 0x0000021ACD821150>,[0 0 0 ... 0 0 0],O=C(Nc1ccc2c(c1)CNC2)c1cccc2[nH]ncc12,296.30499999999995,2.5575,3,3,69.81,2,True
CHEMBL5598898,O=C(Nc1ccc2c(c1)CNC2)c1cc(Cl)cc2ccncc12,DENGUE,4.002176919254275,NS3 protease,<rdkit.Chem.rdchem.Mol object at 0x0000021ACD8211C0>,[0 0 0 ... 0 0 0],O=C(Nc1ccc2c(c1)CNC2)c1cccc2ccncc12,323.783,3.7437000000000014,2,3,54.02,2,True
CHEMBL5604470,N#Cc1ccc(-c2nc3c(C(=O)Nc4ccc5c(c4)CNC5)cc(F)cc3[nH]2)cc1,DENGUE,5.768530409569319,NS3 protease,<rdkit.Chem.rdchem.Mol object at 0x0000021ACD821230>,[0 0 0 ... 0 0 0],O=C(Nc1ccc2c(c1)CNC2)c1cccc2[nH]c(-c3ccccc3)nc12,397.4130000000001,4.096180000000001,3,4,93.6,3,True
CHEMBL5604471,Cc1c(C(=O)Nc2cc(-c3cccnc3)ccn2)cc(C2CC2)n1C,DENGUE,5.206139798657331,NS3 protease,<rdkit.Chem.rdchem.Mol object at 0x0000021ACD8212A0>,[0 0 0 ... 0 0 0],O=C(Nc1cc(-c2cccnc2)ccn1)c1c[nH]c(C2CC2)c1,332.40700000000015,3.9202200000000023,1,4,59.81,4,True
CHEMBL5605238,O=C(Nc1ccc2c(c1)CNC2)c1ccc2c(C3=CCNCC3)csc2c1,DENGUE,4.2498774732166,NS3 protease,<rdkit.Chem.rdchem.Mol object at 0x0000021ACD821310>,[0 0 0 ... 0 0 0],O=C(Nc1ccc2c(c1)CNC2)c1ccc2c(C3=CCNCC3)csc2c1,375.4970000000001,4.133500000000002,3,4,53.160000000000004,3,True
CHEMBL5606201,O=C(Nc1ccc2c(c1)CNC2)c1cc(Cl)cc2nn(-c3ccccc3)nc12,DENGUE,5.32550628270365,NS3 protease,<rdkit.Chem.rdchem.Mol object at 0x0000021ACD821380>,[0 0 0 ... 0 0 0],O=C(Nc1ccc2c(c1)CNC2)c1cccc2nn(-c3ccccc3)nc12,389.84600000000006,3.929400000000002,2,5,71.84,3,True
CHEMBL5606202,Cc1[nH]c2ccccc2c1CN1CCC(c2c[nH]c3ncccc23)CC1,DENGUE,4.002176919254275,NS3 protease,<rdkit.Chem.rdchem.Mol object at 0x0000021ACD8213F0>,[0 0 0 ... 0 0 0],c1ccc2c(CN3CCC(c4c[nH]c5ncccc45)CC3)c[nH]c2c1,344.46200000000005,4.732220000000003,2,2,47.71,3,True
CHEMBL5604326,C=CC[C@H]1NCc2cc(NC(=O)c3cccc4c3CC(=O)N4)ccc21,DENGUE,4.002176919254275,NS3 protease,<rdkit.Chem.rdchem.Mol object at 0x0000021ACD821460>,[0 0 0 ... 0 0 0],O=C1Cc2c(cccc2C(=O)Nc2ccc3c(c2)CNC3)N1,333.391,3.153900000000001,3,3,70.22999999999999,4,True
CHEMBL5604328,N#C[C@H](Nc1cccc(-c2nn[nH]n2)c1)c1cc(Cl)cc(NC(=O)OCc2ccccc2)c1,DENGUE,4.998958942013906,NS3 protease,<rdkit.Chem.rdchem.Mol object at 0x0000021ACD8214D0>,[0 1 0 ... 0 0 0],O=C(Nc1cccc(CNc2cccc(-c3nn[nH]n3)c2)c1)OCc1ccccc1,459.8970000000002,4.945580000000002,3,7,128.60999999999999,7,True
CHEMBL5604332,O=C(Nc1ccc2c(c1)CNC2)c1cc(Cl)cc2[nH]ncc12,DENGUE,4.159787227805255,NS3 protease,<rdkit.Chem.rdchem.Mol object at 0x0000021ACD821540>,[0 0 0 ... 0 0 0],O=C(Nc1ccc2c(c1)CNC2)c1cccc2[nH]ncc12,312.76,3.0718000000000005,3,3,69.81,2,True
CHEMBL5605090,C=CC[C@H]1NCc2cc(NC(=O)c3cc(F)cc4[nH]ncc34)ccc21,DENGUE,4.002176919254275,NS3 protease,<rdkit.Chem.rdchem.Mol object at 0x0000021ACD8215B0>,[0 0 0 ... 0 0 0],O=C(Nc1ccc2c(c1)CNC2)c1cccc2[nH]ncc12,336.37,3.6747000000000014,3,3,69.81,4,True
CHEMBL5598631,O=C(Nc1ccc2c(c1)CNC2)c1cc(Cl)cc2c1CCC2,DENGUE,4.002176919254275,NS3 protease,<rdkit.Chem.rdchem.Mol object at 0x0000021ACD821620>,[0 0 0 ... 0 0 0],O=C(Nc1ccc2c(c1)CNC2)c1cccc2c1CCC2,312.8000000000001,3.6842000000000015,2,2,41.13,2,True
CHEMBL5605856,NCc1ccc([C@H]2C[C@@H]2c2cc(Cl)cc(NC(=O)OCc3ccccc3)c2)cc1,DENGUE,5.16285365609094,NS3 protease,<rdkit.Chem.rdchem.Mol object at 0x0000021ACD821690>,[0 0 0 ... 0 0 0],O=C(Nc1cccc(C2CC2c2ccccc2)c1)OCc1ccccc1,406.9130000000001,5.818500000000004,2,3,64.35,6,False
CHEMBL5606033,O=C1Cc2cc(C(=O)Nc3ccc4c(c3)CNC4)ccc2N1,DENGUE,5.205646329690553,NS3 protease,<rdkit.Chem.rdchem.Mol object at 0x0000021ACD821700>,[0 0 0 ... 0 0 0],O=C1Cc2cc(C(=O)Nc3ccc4c(c3)CNC4)ccc2N1,293.32599999999996,2.0366999999999997,3,3,70.23,2,True
CHEMBL5606384,CNC(=O)[C@H](Nc1cc(CN)cc(-c2nn[nH]n2)c1)c1cc(Cl)cc(C2CC2)c1,DENGUE,4.002176919254275,NS3 protease,<rdkit.Chem.rdchem.Mol object at 0x0000021ACD821770>,[0 1 0 ... 0 0 0],c1cc(NCc2cccc(C3CC3)c2)cc(-c2nn[nH]n2)c1,411.8970000000002,2.7554000000000007,4,6,121.61,7,True
CHEMBL5604164,O=C(Nc1ccc2c(c1)CNC2)c1cccc2[nH]c(C(F)(F)F)cc12,DENGUE,4.002176919254275,NS3 protease,<rdkit.Chem.rdchem.Mol object at 0x0000021ACD8217E0>,[0 0 0 ... 0 0 0],O=C(Nc1ccc2c(c1)CNC2)c1cccc2[nH]ccc12,345.324,4.042200000000002,3,2,56.92,2,True
CHEMBL5604338,O=C(Nc1ccc2c(c1)CNC2)c1ccc2[nH]cc(C3CCNCC3)c2c1,DENGUE,4.5062074689303335,NS3 protease,<rdkit.Chem.rdchem.Mol object at 0x0000021ACD821850>,[0 0 0 ... 0 0 0],O=C(Nc1ccc2c(c1)CNC2)c1ccc2[nH]cc(C3CCNCC3)c2c1,360.4610000000002,3.490400000000002,4,3,68.95,3,True
CHEMBL5604344,O=C(Nc1ccc2c(c1)CNC2)c1cc(Br)cc2[nH]c(=O)[nH]c12,DENGUE,4.485080533509683,NS3 protease,<rdkit.Chem.rdchem.Mol object at 0x0000021ACD8218C0>,[0 0 0 ... 0 0 0],O=C(Nc1ccc2c(c1)CNC2)c1cccc2[nH]c(=O)[nH]c12,373.21000000000004,2.4741999999999997,4,3,89.78,2,True
CHEMBL5605251,CC(C)CNC(=O)c1cc(Cl)ccc1NS(=O)(=O)c1ccc(Oc2ccccc2Cl)cc1,DENGUE,4.842482791467388,NS3 protease,<rdkit.Chem.rdchem.Mol object at 0x0000021ACD821930>,[0 1 0 ... 0 0 0],O=S(=O)(Nc1ccccc1)c1ccc(Oc2ccccc2)cc1,493.41200000000015,5.972300000000004,2,4,84.50000000000001,8,False
CHEMBL5605255,C=CC[C@H]1NCc2cc(N[C@H](C(=O)NC(C)C)c3cc(Cl)cc4[nH]ncc34)ccc21,DENGUE,4.087082141579271,NS3 protease,<rdkit.Chem.rdchem.Mol object at 0x0000021ACD8219A0>,[0 1 0 ... 0 0 0],c1cc(CNc2ccc3c(c2)CNC3)c2cn[nH]c2c1,423.9480000000001,4.614500000000003,4,4,81.83999999999999,7,True
CHEMBL5605561,O=C(Nc1ccc2c(c1)CNC2)c1cccc2c(C3CNC3)n[nH]c12,DENGUE,4.492481444423576,NS3 protease,<rdkit.Chem.rdchem.Mol object at 0x0000021ACD821A10>,[0 0 0 ... 0 0 0],O=C(Nc1ccc2c(c1)CNC2)c1cccc2c(C3CNC3)n[nH]c12,333.39500000000004,2.1052,4,4,81.84,3,True
CHEMBL5598717,O=C(Nc1cc(Cl)cc([C@H]2CN(Cc3ccccc3)C[C@@H]2c2cccc(-c3nn[nH]n3)c2)c1)OCc1ccccc1,DENGUE,5.178159072799546,NS3 protease,<rdkit.Chem.rdchem.Mol object at 0x0000021ACD821A80>,[0 0 0 ... 0 0 0],O=C(Nc1cccc(C2CN(Cc3ccccc3)CC2c2cccc(-c3nn[nH]n3)c2)c1)OCc1ccccc1,565.0770000000002,6.6520000000000055,2,6,96.03,8,False
CHEMBL5598718,Clc1cc(CNc2ccc3c(c2)CNC3)c2cn[nH]c2c1,DENGUE,4.411459394032273,NS3 protease,<rdkit.Chem.rdchem.Mol object at 0x0000021ACD821AF0>,[0 0 0 ... 0 0 0],c1cc(CNc2ccc3c(c2)CNC3)c2cn[nH]c2c1,298.777,3.4316000000000004,3,3,52.74,3,True
CHEMBL5605097,Cc1cccc(-c2nc3c(C(=O)Nc4ccc5c(c4)CNC5)cc(F)cc3[nH]2)c1,DENGUE,5.227751660028146,NS3 protease,<rdkit.Chem.rdchem.Mol object at 0x0000021ACD821B60>,[0 0 0 ... 0 0 0],O=C(Nc1ccc2c(c1)CNC2)c1cccc2[nH]c(-c3ccccc3)nc12,386.4300000000001,4.532920000000002,3,3,69.81,3,True
CHEMBL5598927,O=C1Cc2c(cc(Br)cc2C(=O)Nc2ccc3c(c2)CNC3)N1,DENGUE,4.072886388066239,NS3 protease,<rdkit.Chem.rdchem.Mol object at 0x0000021ACD821BD0>,[0 0 0 ... 0 0 0],O=C1Cc2c(cccc2C(=O)Nc2ccc3c(c2)CNC3)N1,372.2220000000001,2.7992,3,3,70.23,2,True
CHEMBL5606232,O=C(Nc1ccc2c(c1)CNC2)c1cccc2cn[nH]c12,DENGUE,4.3470577980080085,NS3 protease,<rdkit.Chem.rdchem.Mol object at 0x0000021ACD821C40>,[0 0 0 ... 0 0 0],O=C(Nc1ccc2c(c1)CNC2)c1cccc2cn[nH]c12,278.315,2.4184,3,3,69.81,2,True
CHEMBL5605103,Cc1ccccc1-c1nc2c(C(=O)Nc3ccc4c(c3)CNC4)cc(F)cc2[nH]1,DENGUE,5.658367664221946,NS3 protease,<rdkit.Chem.rdchem.Mol object at 0x0000021ACD821CB0>,[0 0 0 ... 0 0 0],O=C(Nc1ccc2c(c1)CNC2)c1cccc2[nH]c(-c3ccccc3)nc12,386.4300000000001,4.5329200000000025,3,3,69.81,3,True
CHEMBL5605115,O=C(Nc1cc(Br)c2c(c1)CNC2)c1cc(F)cc2[nH]ncc12,DENGUE,4.121943769469485,NS3 protease,<rdkit.Chem.rdchem.Mol object at 0x0000021ACD821D20>,[0 0 0 ... 0 0 0],O=C(Nc1ccc2c(c1)CNC2)c1cccc2[nH]ncc12,375.201,3.3200000000000003,3,3,69.81,2,True
CHEMBL5598575,COCCNC(=O)[C@H](Nc1ccc2c(c1)CNC2)c1cc(Cl)cc(C2CC2)c1,DENGUE,4.002176919254275,NS3 protease,<rdkit.Chem.rdchem.Mol object at 0x0000021ACD821D90>,[0 1 0 ... 0 0 0],c1cc(CNc2ccc3c(c2)CNC3)cc(C2CC2)c1,399.9220000000002,3.7364000000000015,3,4,62.39,8,True
CHEMBL5598576,O=C(NCC(F)F)[C@H](Nc1ccc2c(c1)CNC2)c1cc(Cl)cc(C2CC2)c1,DENGUE,4.002176919254275,NS3 protease,<rdkit.Chem.rdchem.Mol object at 0x0000021ACD821E00>,[0 1 0 ... 0 0 0],c1cc(CNc2ccc3c(c2)CNC3)cc(C2CC2)c1,405.87600000000015,4.355100000000003,3,3,53.160000000000004,7,True
CHEMBL5598577,O=C(Nc1ccc2c(c1)CNCC2)c1cc(Cl)cc2[nH]ncc12,DENGUE,4.002176919254275,NS3 protease,<rdkit.Chem.rdchem.Mol object at 0x0000021ACD821E70>,[0 0 0 ... 0 0 0],O=C(Nc1ccc2c(c1)CNCC2)c1cccc2[nH]ncc12,326.787,3.114300000000001,3,3,69.81,2,True
CHEMBL5606236,O=C(Nc1cc2c(cc1Br)CNC2)c1cc(F)cc2[nH]ncc12,DENGUE,4.002176919254275,NS3 protease,<rdkit.Chem.rdchem.Mol object at 0x0000021ACD821EE0>,[0 0 0 ... 0 0 0],O=C(Nc1ccc2c(c1)CNC2)c1cccc2[nH]ncc12,375.201,3.3200000000000003,3,3,69.81,2,True
CHEMBL5604375,N#C[C@H](Nc1ccc2c(c1)CNC2)c1cc(Cl)cc2[nH]ncc12,DENGUE,4.002176919254275,NS3 protease,<rdkit.Chem.rdchem.Mol object at 0x0000021ACD821F50>,[0 1 0 ... 0 0 0],c1cc(CNc2ccc3c(c2)CNC3)c2cn[nH]c2c1,323.78700000000003,3.4962800000000014,3,4,76.53,3,True
CHEMBL5604531,COc1cccc(-c2nc3c(C(=O)Nc4ccc5c(c4)CNC5)cc(F)cc3[nH]2)c1,DENGUE,5.274006741075278,NS3 protease,<rdkit.Chem.rdchem.Mol object at 0x0000021ACD821FC0>,[0 0 0 ... 0 0 0],O=C(Nc1ccc2c(c1)CNC2)c1cccc2[nH]c(-c3ccccc3)nc12,402.4290000000001,4.233100000000002,3,4,79.03999999999999,4,True
CHEMBL5604539,O=C(NCC(F)F)[C@H](Nc1ccc2c(c1)CNC2)c1cc(F)cc2[nH]ccc12,DENGUE,4.002176919254275,NS3 protease,<rdkit.Chem.rdchem.Mol object at 0x0000021ACD822030>,[0 1 0 ... 0 0 0],c1cc(CNc2ccc3c(c2)CNC3)c2cc[nH]c2c1,388.3930000000001,3.444700000000001,4,3,68.95,6,True
CHEMBL5604806,O=C(Nc1cc(Cl)cc(-c2ccc3[nH]c(C(=O)O)cc3c2)c1)OCc1ccccc1,DENGUE,5.235151642806589,NS3 protease,<rdkit.Chem.rdchem.Mol object at 0x0000021ACD8220A0>,[0 0 0 ... 0 0 0],O=C(Nc1cccc(-c2ccc3[nH]ccc3c2)c1)OCc1ccccc1,420.85200000000015,5.935200000000004,3,3,91.42,5,False
CHEMBL5604988,NCc1cccc(-c2csc3cc(C(=O)Nc4ccc5c(c4)CNC5)ccc23)c1,DENGUE,4.5249829244822015,NS3 protease,<rdkit.Chem.rdchem.Mol object at 0x0000021ACD822110>,[0 0 0 ... 0 0 0],O=C(Nc1ccc2c(c1)CNC2)c1ccc2c(-c3ccccc3)csc2c1,399.5190000000001,4.882500000000003,3,4,67.15,4,True
CHEMBL5604989,O=C(Nc1ccc2c(c1)CNC2)c1cc(F)cc2[nH]c(-c3cccc(F)c3)nc12,DENGUE,5.563837352959244,NS3 protease,<rdkit.Chem.rdchem.Mol object at 0x0000021ACD822180>,[0 0 0 ... 0 0 0],O=C(Nc1ccc2c(c1)CNC2)c1cccc2[nH]c(-c3ccccc3)nc12,390.39300000000003,4.363600000000003,3,3,69.81,3,True
CHEMBL5605274,O=C(Nc1ccc2c(c1)CNC2)c1cc(F)cc2[nH]c(-c3ccccc3F)nc12,DENGUE,5.413862974769207,NS3 protease,<rdkit.Chem.rdchem.Mol object at 0x0000021ACD8221F0>,[0 0 0 ... 0 0 0],O=C(Nc1ccc2c(c1)CNC2)c1cccc2[nH]c(-c3ccccc3)nc12,390.39300000000003,4.363600000000002,3,3,69.81,3,True
CHEMBL5598658,CNC(=O)[C@H](Nc1ccc2c(c1)CNC2)c1cc(Cl)cc(C2CC2)c1,DENGUE,4.002176919254275,NS3 protease,<rdkit.Chem.rdchem.Mol object at 0x0000021ACD822260>,[0 1 0 ... 0 0 0],c1cc(CNc2ccc3c(c2)CNC3)cc(C2CC2)c1,355.8690000000001,3.719800000000002,3,3,53.160000000000004,5,True
CHEMBL5605908,COc1cc(-c2cc(NC(=O)c3cc(F)cc4[nH]ncc34)cc3c2CNC3)ccn1,DENGUE,4.371795045398399,NS3 protease,<rdkit.Chem.rdchem.Mol object at 0x0000021ACD8222D0>,[0 0 0 ... 0 0 0],O=C(Nc1cc2c(c(-c3ccncc3)c1)CNC2)c1cccc2[nH]ncc12,403.41700000000014,3.6281000000000008,3,5,91.92999999999999,4,True
CHEMBL5604180,O=C(Nc1ccc2c(c1)CNC2)c1cc(Cl)cc2cn[nH]c12,DENGUE,4.002176919254275,NS3 protease,<rdkit.Chem.rdchem.Mol object at 0x0000021ACD822340>,[0 0 0 ... 0 0 0],O=C(Nc1ccc2c(c1)CNC2)c1cccc2cn[nH]c12,312.76,3.0718000000000005,3,3,69.81,2,True
CHEMBL5605310,NCc1ccc(-c2csc3cc(C(=O)Nc4ccc5c(c4)CNC5)ccc23)cc1,DENGUE,4.499489089473663,NS3 protease,<rdkit.Chem.rdchem.Mol object at 0x0000021ACD8223B0>,[0 0 0 ... 0 0 0],O=C(Nc1ccc2c(c1)CNC2)c1ccc2c(-c3ccccc3)csc2c1,399.5190000000001,4.882500000000002,3,4,67.15,4,True
CHEMBL5598591,CC(C)(C)c1cc(Br)cc(C(=O)Nc2ccc3c(c2)CNC3)c1,DENGUE,4.002176919254275,NS3 protease,<rdkit.Chem.rdchem.Mol object at 0x0000021ACD822420>,[0 0 0 ... 0 0 0],O=C(Nc1ccc2c(c1)CNC2)c1ccccc1,373.2940000000001,4.602100000000004,2,2,41.13,2,True
CHEMBL5598593,Clc1ccc2[nH]cc(Cc3ccc(-c4nn[nH]n4)cc3)c2c1,DENGUE,4.201301025584539,NS3 protease,<rdkit.Chem.rdchem.Mol object at 0x0000021ACD822490>,[0 0 0 ... 0 0 0],c1ccc2c(Cc3ccc(-c4nn[nH]n4)cc3)c[nH]c2c1,309.76000000000005,3.592200000000001,2,3,70.25,3,True
CHEMBL5605716,O=C(Nc1ccc2c(c1)CNC2)c1cccc2nc(O)ccc12,DENGUE,4.002176919254275,NS3 protease,<rdkit.Chem.rdchem.Mol object at 0x0000021ACD822500>,[0 0 0 ... 0 0 0],O=C(Nc1ccc2c(c1)CNC2)c1cccc2ncccc12,305.337,2.7959000000000005,3,4,74.25,2,True
CHEMBL5605910,CCOCCNC(=O)[C@H](Nc1ccc2c(c1)CNC2)c1cc(Cl)cc2[nH]ncc12,DENGUE,4.002176919254275,NS3 protease,<rdkit.Chem.rdchem.Mol object at 0x0000021ACD822570>,[0 1 0 ... 0 0 0],c1cc(CNc2ccc3c(c2)CNC3)c2cn[nH]c2c1,413.90900000000016,3.125400000000001,4,5,91.07000000000001,8,True
CHEMBL5606429,O=C(Nc1cc2c(c(C3=CCOCC3)c1)CNC2)c1cc(F)cc2[nH]ncc12,DENGUE,4.5239803539286845,NS3 protease,<rdkit.Chem.rdchem.Mol object at 0x0000021ACD8225E0>,[0 0 0 ... 0 0 0],O=C(Nc1cc2c(c(C3=CCOCC3)c1)CNC2)c1cccc2[nH]ncc12,378.407,3.361200000000001,3,4,79.04,3,True
CHEMBL5604667,CC(C)c1nnc(-c2nc3c(C(=O)Nc4ccc5c(c4)CNC5)cc(F)cc3[nH]2)s1,DENGUE,4.965853022893954,NS3 protease,<rdkit.Chem.rdchem.Mol object at 0x0000021ACD822650>,[0 1 0 ... 0 0 0],O=C(Nc1ccc2c(c1)CNC2)c1cccc2[nH]c(-c3nncs3)nc12,422.4890000000001,4.1994000000000025,3,6,95.59,4,True
CHEMBL5598732,CC(C)c1cc(Br)cc(C(=O)Nc2ccc3c(c2)CNC3)c1,DENGUE,4.002176919254275,NS3 protease,<rdkit.Chem.rdchem.Mol object at 0x0000021ACD8226C0>,[0 1 0 ... 0 0 0],O=C(Nc1ccc2c(c1)CNC2)c1ccccc1,359.2670000000001,4.428000000000003,2,2,41.13,3,True
CHEMBL5604216,N#Cc1cccc(-c2nc3c(C(=O)Nc4ccc5c(c4)CNC5)cc(F)cc3[nH]2)c1,DENGUE,5.617622696531886,NS3 protease,<rdkit.Chem.rdchem.Mol object at 0x0000021ACD822730>,[0 0 0 ... 0 0 0],O=C(Nc1ccc2c(c1)CNC2)c1cccc2[nH]c(-c3ccccc3)nc12,397.41300000000007,4.096180000000002,3,4,93.6,3,True
CHEMBL5604849,O=C(NCCC1CC1)[C@H](Nc1ccc2c(c1)CNC2)c1cc(Cl)cc(C2CC2)c1,DENGUE,4.002176919254275,NS3 protease,<rdkit.Chem.rdchem.Mol object at 0x0000021ACD8227A0>,[0 1 0 ... 0 0 0],O=C(NCCC1CC1)C(Nc1ccc2c(c1)CNC2)c1cccc(C2CC2)c1,409.9610000000002,4.890100000000004,3,3,53.160000000000004,8,True
CHEMBL5605022,N#Cc1cc2c(cc1NC(=O)c1cc(F)cc3[nH]ncc13)CNC2,DENGUE,4.432573655147426,NS3 protease,<rdkit.Chem.rdchem.Mol object at 0x0000021ACD822810>,[0 0 0 ... 0 0 0],O=C(Nc1ccc2c(c1)CNC2)c1cccc2[nH]ncc12,321.31500000000005,2.4291799999999997,3,4,93.60000000000001,2,True
CHEMBL5605142,C=CC[C@H](Nc1cc(Cl)cc(NC(=O)OCc2ccccc2)c1)c1cccc(-c2nn[nH]n2)c1,DENGUE,5.191789027075778,NS3 protease,<rdkit.Chem.rdchem.Mol object at 0x0000021ACD822880>,[0 1 0 ... 0 0 0],O=C(Nc1cccc(NCc2cccc(-c3nn[nH]n3)c2)c1)OCc1ccccc1,474.95200000000006,5.998100000000005,3,6,104.82000000000001,9,False
CHEMBL5605462,CNC(=O)[C@H](Nc1cc(Cl)cc(NC(=O)OCc2ccccc2)c1)c1cccc(-c2nn[nH]n2)c1,DENGUE,4.332378965646849,NS3 protease,<rdkit.Chem.rdchem.Mol object at 0x0000021ACD8228F0>,[0 1 0 ... 0 0 0],O=C(Nc1cccc(NCc2cccc(-c3nn[nH]n3)c2)c1)OCc1ccccc1,491.93900000000014,4.168000000000002,4,7,133.92000000000002,8,True
CHEMBL5598597,CN1Cc2ccc(NC(=O)c3cc(Cl)cc4[nH]ncc34)cc2C1,DENGUE,4.002176919254275,NS3 protease,<rdkit.Chem.rdchem.Mol object at 0x0000021ACD822960>,[0 0 0 ... 0 0 0],O=C(Nc1ccc2c(c1)CNC2)c1cccc2[nH]ncc12,326.7870000000001,3.4140000000000015,2,3,61.02,2,True
CHEMBL5598845,O=C(Nc1ccc2c(c1)CNC2)c1cc(Br)cc2[nH]ccc12,DENGUE,4.459370252450976,NS3 protease,<rdkit.Chem.rdchem.Mol object at 0x0000021ACD8229D0>,[0 0 0 ... 0 0 0],O=C(Nc1ccc2c(c1)CNC2)c1cccc2[nH]ccc12,356.223,3.7859000000000016,3,2,56.92,2,True
CHEMBL5606266,O=C(Nc1ccc2c(c1)CNC2)c1ccc2[nH]ccc2c1,DENGUE,4.002176919254275,NS3 protease,<rdkit.Chem.rdchem.Mol object at 0x0000021ACD822A40>,[0 0 0 ... 0 0 0],O=C(Nc1ccc2c(c1)CNC2)c1ccc2[nH]ccc2c1,277.327,3.0234000000000014,3,2,56.92,2,True
CHEMBL5604414,O=C(Nc1cc(Cl)cc(C(=O)Nc2cccc([C@H]3C[C@H]3C(=O)O)c2)c1)OCc1ccccc1,DENGUE,4.599220323487032,NS3 protease,<rdkit.Chem.rdchem.Mol object at 0x0000021ACD822AB0>,[0 0 0 ... 0 0 0],O=C(Nc1cccc(C(=O)Nc2cccc(C3CC3)c2)c1)OCc1ccccc1,464.9050000000002,5.529100000000002,3,4,104.73000000000002,7,False
CHEMBL5604418,Clc1cc([C@@H]2C[C@H]2c2cccc(C3CCNCC3)c2)c2cn[nH]c2c1,DENGUE,5.225848141045289,NS3 protease,<rdkit.Chem.rdchem.Mol object at 0x0000021ACD822B20>,[0 0 0 ... 0 0 0],c1cc(C2CCNCC2)cc(C2CC2c2cccc3[nH]ncc23)c1,351.8810000000001,4.954400000000004,2,2,40.71,3,True
CHEMBL5605468,O=C(Nc1ccc2c(c1)CNC2)c1cc(F)c2[nH]ccc2c1,DENGUE,4.002176919254275,NS3 protease,<rdkit.Chem.rdchem.Mol object at 0x0000021ACD822B90>,[0 0 0 ... 0 0 0],O=C(Nc1ccc2c(c1)CNC2)c1ccc2[nH]ccc2c1,295.317,3.1625000000000005,3,2,56.92,2,True
CHEMBL5605639,O=C(Nc1ccc2c(c1)CNC2)c1cc(Cl)cc(C(F)(F)F)n1,DENGUE,4.983008421793795,NS3 protease,<rdkit.Chem.rdchem.Mol object at 0x0000021ACD822C00>,[0 0 0 ... 0 0 0],O=C(Nc1ccc2c(c1)CNC2)c1ccccn1,341.71999999999997,3.609300000000001,2,3,54.02,2,True
CHEMBL5598743,O=C(NC1CCOCC1)[C@H](Nc1ccc2c(c1)CNC2)c1cc(Cl)cc(C2CC2)c1,DENGUE,4.002176919254275,NS3 protease,<rdkit.Chem.rdchem.Mol object at 0x0000021ACD822C70>,[0 1 0 ... 0 0 0],O=C(NC1CCOCC1)C(Nc1ccc2c(c1)CNC2)c1cccc(C2CC2)c1,425.9600000000002,4.269000000000003,3,4,62.39,6,True
CHEMBL5598746,Cn1cc(CNC(=O)[C@H](Nc2ccc3c(c2)CNC3)c2cc(Cl)cc(C3CC3)c2)cn1,DENGUE,4.002176919254275,NS3 protease,<rdkit.Chem.rdchem.Mol object at 0x0000021ACD822CE0>,[0 1 0 ... 0 0 0],O=C(NCc1cn[nH]c1)C(Nc1ccc2c(c1)CNC2)c1cccc(C2CC2)c1,435.9590000000002,4.0237000000000025,3,5,70.98,7,True
CHEMBL5598749,O=C(Nc1cc(Cl)cc(C(=O)Nc2ccc3c(c2)CNC3)c1)OCc1ccccc1,DENGUE,4.039705259187824,NS3 protease,<rdkit.Chem.rdchem.Mol object at 0x0000021ACD822D50>,[0 0 0 ... 0 0 0],O=C(Nc1cccc(C(=O)Nc2ccc3c(c2)CNC3)c1)OCc1ccccc1,421.8840000000002,4.944200000000002,3,4,79.46000000000001,5,True
CHEMBL5598860,Cc1c(C(=O)Nc2cc([C@H]3CCOC3)ccn2)cc(C2CC2)n1C,DENGUE,4.002176919254275,NS3 protease,<rdkit.Chem.rdchem.Mol object at 0x0000021ACD822DC0>,[0 0 0 ... 0 0 0],O=C(Nc1cc(C2CCOC2)ccn1)c1c[nH]c(C2CC2)c1,325.4120000000001,3.3621200000000018,1,4,56.15,4,True
CHEMBL5606112,NCCc1csc2cc(C(=O)Nc3ccc4c(c3)CNC4)ccc12,DENGUE,4.002176919254275,NS3 protease,<rdkit.Chem.rdchem.Mol object at 0x0000021ACD822E30>,[0 0 0 ... 0 0 0],O=C(Nc1ccc2c(c1)CNC2)c1ccc2ccsc2c1,337.4480000000001,3.258000000000002,3,4,67.15,4,True
CHEMBL5606457,O=C(Nc1cc(Cl)cc(C(=O)Nc2cccc(-n3nn[nH]c3=O)c2)c1)OCc1ccccc1,DENGUE,4.937230050184872,NS3 protease,<rdkit.Chem.rdchem.Mol object at 0x0000021ACD822EA0>,[0 0 0 ... 0 0 0],O=C(Nc1cccc(C(=O)Nc2cccc(-n3nn[nH]c3=O)c2)c1)OCc1ccccc1,464.86900000000014,3.610000000000001,3,7,131.0,6,True
CHEMBL5605162,CNC(=O)[C@H](Nc1cc(CN)cc(C(=O)O)c1)c1cc(Cl)cc(C2CC2)c1,DENGUE,4.002176919254275,NS3 protease,<rdkit.Chem.rdchem.Mol object at 0x0000021ACD822F10>,[0 1 0 ... 0 0 0],c1ccc(NCc2cccc(C3CC3)c2)cc1,387.86700000000013,3.273500000000001,4,4,104.45,7,True
CHEMBL5598605,O=C(Nc1ccc2c(c1)CNC2)c1cccc(-c2cnco2)c1,DENGUE,4.6727637072529005,NS3 protease,<rdkit.Chem.rdchem.Mol object at 0x0000021ACD822F80>,[0 0 0 ... 0 0 0],O=C(Nc1ccc2c(c1)CNC2)c1cccc(-c2cnco2)c1,305.337,3.1971000000000007,2,4,67.16,3,True
CHEMBL5598679,O=C1Cc2c(cccc2C(=O)Nc2ccc3c(c2)CNC3)N1,DENGUE,4.846703550644695,NS3 protease,<rdkit.Chem.rdchem.Mol object at 0x0000021ACD822FF0>,[0 0 0 ... 0 0 0],O=C1Cc2c(cccc2C(=O)Nc2ccc3c(c2)CNC3)N1,293.32599999999996,2.0366999999999997,3,3,70.23,2,True
CHEMBL5605947,O=C(Nc1cc(Cl)cc(C(=O)Nc2ccc3c(c2)CCNC3)c1)OCc1ccccc1,DENGUE,4.493251506232925,NS3 protease,<rdkit.Chem.rdchem.Mol object at 0x0000021ACD823060>,[0 0 0 ... 0 0 0],O=C(Nc1cccc(C(=O)Nc2ccc3c(c2)CCNC3)c1)OCc1ccccc1,435.91100000000023,4.986700000000003,3,4,79.46000000000001,5,True
CHEMBL5604249,NCc1cccc([C@H]2C[C@@H]2c2cc(Cl)cc(NC(=O)OCc3ccccc3)c2)c1,DENGUE,5.100343619694365,NS3 protease,<rdkit.Chem.rdchem.Mol object at 0x0000021ACD8230D0>,[0 0 0 ... 0 0 0],O=C(Nc1cccc(C2CC2c2ccccc2)c1)OCc1ccccc1,406.9130000000002,5.818500000000005,2,3,64.35,6,False
CHEMBL5604695,C=CC[C@H]1NCc2cc(NC(=O)c3cc(Cl)cc4[nH]ncc34)ccc21,DENGUE,4.002176919254275,NS3 protease,<rdkit.Chem.rdchem.Mol object at 0x0000021ACD823140>,[0 0 0 ... 0 0 0],O=C(Nc1ccc2c(c1)CNC2)c1cccc2[nH]ncc12,352.82500000000005,4.189000000000002,3,3,69.81,4,True
CHEMBL5605497,N[C@H]1CC[C@H](c2ccc(NC(=O)c3cc(Cl)cc(NC(=O)OCc4ccccc4)c3)cc2)C1,DENGUE,5.117077209397402,NS3 protease,<rdkit.Chem.rdchem.Mol object at 0x0000021ACD8231B0>,[0 0 0 ... 0 0 0],O=C(Nc1cccc(C(=O)Nc2ccc(C3CCCC3)cc2)c1)OCc1ccccc1,463.9650000000002,5.935800000000004,3,4,93.45,6,False
CHEMBL5605499,Cn1c(=O)[nH]c2c(C(=O)Nc3ccc4c(c3)CNC4)cc(Br)cc21,DENGUE,4.002176919254275,NS3 protease,<rdkit.Chem.rdchem.Mol object at 0x0000021ACD823220>,[0 0 0 ... 0 0 0],O=C(Nc1ccc2c(c1)CNC2)c1cccc2[nH]c(=O)[nH]c12,387.237,2.4846000000000004,3,4,78.92,2,True
CHEMBL5605664,O=C(Nc1ccc2c(c1)CNC2)c1cc(F)cc2[nH]c(-c3ccc(F)cc3)nc12,DENGUE,5.529442514782726,NS3 protease,<rdkit.Chem.rdchem.Mol object at 0x0000021ACD823290>,[0 0 0 ... 0 0 0],O=C(Nc1ccc2c(c1)CNC2)c1cccc2[nH]c(-c3ccccc3)nc12,390.39300000000003,4.363600000000002,3,3,69.81,3,True
CHEMBL5605673,CCc1cc(C(=O)Nc2cccc(-n3nn[nH]c3=O)c2)sc1-c1ccc(Cl)cc1,DENGUE,4.924380054071224,NS3 protease,<rdkit.Chem.rdchem.Mol object at 0x0000021ACD823300>,[0 0 0 ... 0 0 0],O=C(Nc1cccc(-n2nn[nH]c2=O)c1)c1ccc(-c2ccccc2)s1,425.9010000000002,4.152200000000002,2,6,92.66999999999999,5,True
CHEMBL5598684,O=C(Nc1ccc2c(c1)CNC2)c1cc(Br)cc2[nH]c(-c3ccccc3)nc12,DENGUE,5.831207979685818,NS3 protease,<rdkit.Chem.rdchem.Mol object at 0x0000021ACD823370>,[0 0 0 ... 0 0 0],O=C(Nc1ccc2c(c1)CNC2)c1cccc2[nH]c(-c3ccccc3)nc12,433.3090000000001,4.847900000000003,3,3,69.81,3,True
CHEMBL5598685,N#C[C@H](Nc1ccc2c(c1)CNC2)c1cc(Cl)cc(C2CC2)c1,DENGUE,4.002176919254275,NS3 protease,<rdkit.Chem.rdchem.Mol object at 0x0000021ACD8233E0>,[0 1 0 ... 0 0 0],c1cc(CNc2ccc3c(c2)CNC3)cc(C2CC2)c1,323.8270000000001,4.497380000000003,2,3,47.85,4,True
CHEMBL5598765,Cn1cc(CCc2nc3c(C(=O)Nc4ccc5c(c4)CNC5)cc(Cl)cc3[nH]2)cn1,DENGUE,4.625105081433019,NS3 protease,<rdkit.Chem.rdchem.Mol object at 0x0000021ACD823450>,[0 0 0 ... 0 0 0],O=C(Nc1ccc2c(c1)CNC2)c1cccc2[nH]c(CCc3cn[nH]c3)nc12,420.9040000000001,3.5905000000000014,3,5,87.63000000000001,5,True
CHEMBL5604114,O=C(Nc1cc(Cl)cc([C@H](C#CCO)Nc2cccc(-c3nn[nH]n3)c2)c1)OCc1ccccc1,DENGUE,4.895512888687605,NS3 protease,<rdkit.Chem.rdchem.Mol object at 0x0000021ACD8234C0>,[0 1 0 ... 0 0 0],O=C(Nc1cccc(CNc2cccc(-c3nn[nH]n3)c2)c1)OCc1ccccc1,488.9350000000002,4.417700000000002,4,7,125.05000000000001,7,True
CHEMBL5604118,NCCc1csc2cc(C(=O)Nc3cc([C@H]4CCOC4)ccn3)ccc12,DENGUE,4.002176919254275,NS3 protease,<rdkit.Chem.rdchem.Mol object at 0x0000021ACD823530>,[0 0 0 ... 0 0 0],O=C(Nc1cc(C2CCOC2)ccn1)c1ccc2ccsc2c1,367.4740000000001,3.5537000000000027,2,5,77.24000000000001,5,True
CHEMBL5604703,Cc1nc2c(C(=O)Nc3ccc4c(c3)CNC4)cc(Cl)cc2[nH]1,DENGUE,4.002176919254275,NS3 protease,<rdkit.Chem.rdchem.Mol object at 0x0000021ACD8235A0>,[0 0 0 ... 0 0 0],O=C(Nc1ccc2c(c1)CNC2)c1cccc2[nH]cnc12,326.787,3.3802200000000013,3,3,69.81,2,True
CHEMBL5605183,O=C(NCC(F)F)[C@H](Nc1ccc2c(c1)CNC2)c1cc(F)cc2[nH]ncc12,DENGUE,4.002176919254275,NS3 protease,<rdkit.Chem.rdchem.Mol object at 0x0000021ACD823610>,[0 1 0 ... 0 0 0],c1cc(CNc2ccc3c(c2)CNC3)c2cn[nH]c2c1,389.3810000000001,2.8397000000000006,4,4,81.84,6,True
CHEMBL5605184,O=C1Cc2c(cc(F)cc2C(=O)Nc2ccc3c(c2)CNC3)N1,DENGUE,4.441303426717679,NS3 protease,<rdkit.Chem.rdchem.Mol object at 0x0000021ACD823680>,[0 0 0 ... 0 0 0],O=C1Cc2c(cccc2C(=O)Nc2ccc3c(c2)CNC3)N1,311.31600000000003,2.1757999999999997,3,3,70.23,2,True
CHEMBL5605186,O=C(Nc1cc(Cl)cc([C@H]2C[C@@H]2c2cccc(C3CCNCC3)c2)c1)OCc1ccccc1,DENGUE,5.258927227626678,NS3 protease,<rdkit.Chem.rdchem.Mol object at 0x0000021ACD8236F0>,[0 0 0 ... 0 0 0],O=C(Nc1cccc(C2CC2c2cccc(C3CCNCC3)c2)c1)OCc1ccccc1,461.0050000000003,6.826800000000007,2,3,50.36,6,False
CHEMBL5605520,OCC#C[C@H](Nc1ccc2c(c1)CNC2)c1cc(Cl)cc2[nH]ncc12,DENGUE,4.652084813498309,NS3 protease,<rdkit.Chem.rdchem.Mol object at 0x0000021ACD823760>,[0 1 0 ... 0 0 0],c1cc(CNc2ccc3c(c2)CNC3)c2cn[nH]c2c1,352.825,2.968400000000001,4,4,72.97,3,True
CHEMBL5605521,O=C(Nc1ccc2c(c1)CNC2)c1cc(F)cc2c1CCC2,DENGUE,4.002176919254275,NS3 protease,<rdkit.Chem.rdchem.Mol object at 0x0000021ACD8237D0>,[0 0 0 ... 0 0 0],O=C(Nc1ccc2c(c1)CNC2)c1cccc2c1CCC2,296.3450000000001,3.169900000000002,2,2,41.13,2,True
CHEMBL5606153,Cc1ccc(NC(=O)c2cc(Cl)cc(NC(=O)OCc3ccccc3)c2)cc1CN,DENGUE,4.150568300818681,NS3 protease,<rdkit.Chem.rdchem.Mol object at 0x0000021ACD823840>,[0 0 0 ... 0 0 0],O=C(Nc1cccc(C(=O)Nc2ccccc2)c1)OCc1ccccc1,423.9000000000002,5.108120000000004,3,4,93.45,6,False
CHEMBL5606319,O=C(Nc1cc2c(c(C3=CCS(=O)(=O)CC3)c1)CNC2)c1cc(F)cc2[nH]ncc12,DENGUE,4.301134238849321,NS3 protease,<rdkit.Chem.rdchem.Mol object at 0x0000021ACD8238B0>,[0 0 0 ... 0 0 0],O=C(Nc1cc2c(c(C3=CCS(=O)(=O)CC3)c1)CNC2)c1cccc2[nH]ncc12,426.4730000000001,2.7594000000000003,3,5,103.95,3,True
CHEMBL5605366,O=C(NC1CCOCC1)[C@H](Nc1ccc2c(c1)CNC2)c1cc(Cl)cc2[nH]ncc12,DENGUE,4.357862065344219,NS3 protease,<rdkit.Chem.rdchem.Mol object at 0x0000021ACD823920>,[0 1 0 ... 0 0 0],O=C(NC1CCOCC1)C(Nc1ccc2c(c1)CNC2)c1cccc2[nH]ncc12,425.92000000000013,3.2679,4,5,91.07000000000001,5,True
CHEMBL5605372,NCc1csc2cc(C(=O)Nc3ccc4c(c3)CNC4)ccc12,DENGUE,5.000651930793278,NS3 protease,<rdkit.Chem.rdchem.Mol object at 0x0000021ACD823990>,[0 0 0 ... 0 0 0],O=C(Nc1ccc2c(c1)CNC2)c1ccc2ccsc2c1,323.42100000000005,3.2155000000000014,3,4,67.15,3,True
CHEMBL5605526,NCc1cccc(NC(=O)c2cc(Cl)cc(NC(=O)OCc3ccccc3)c2)c1,DENGUE,4.461288057883088,NS3 protease,<rdkit.Chem.rdchem.Mol object at 0x0000021ACD823A00>,[0 0 0 ... 0 0 0],O=C(Nc1cccc(C(=O)Nc2ccccc2)c1)OCc1ccccc1,409.87300000000016,4.799700000000002,3,4,93.45,6,True
CHEMBL5605532,c1cc(C2CCN(Cc3c[nH]c4ccccc34)CC2)c2ccncc2c1,DENGUE,4.002176919254275,NS3 protease,<rdkit.Chem.rdchem.Mol object at 0x0000021ACD823A70>,[0 0 0 ... 0 0 0],c1cc(C2CCN(Cc3c[nH]c4ccccc34)CC2)c2ccncc2c1,341.4580000000001,5.095700000000004,1,2,31.92,3,False
CHEMBL5605533,Cc1cccc(-c2nc3c(C(=O)Nc4ccc5c(c4)CNC5)cc(Cl)cc3[nH]2)c1O,DENGUE,5.371100435579393,NS3 protease,<rdkit.Chem.rdchem.Mol object at 0x0000021ACD823AE0>,[0 0 0 ... 0 0 0],O=C(Nc1ccc2c(c1)CNC2)c1cccc2[nH]c(-c3ccccc3)nc12,418.8840000000002,4.752820000000003,4,4,90.04,3,True
CHEMBL5605540,CNC(=O)[C@H](Nc1cccc(CN)c1)c1cc(Cl)cc(NC(=O)OCc2ccccc2)c1,DENGUE,4.002176919254275,NS3 protease,<rdkit.Chem.rdchem.Mol object at 0x0000021ACD823B50>,[0 1 0 ... 0 0 0],O=C(Nc1cccc(CNc2ccccc2)c1)OCc1ccccc1,452.9420000000002,4.446600000000003,4,5,105.48,8,True
CHEMBL5605691,Cc1c(C(=O)Nc2cc(CCCN)ccn2)cc(C2CC2)n1C,DENGUE,4.462508322709204,NS3 protease,<rdkit.Chem.rdchem.Mol object at 0x0000021ACD823BC0>,[0 0 0 ... 0 0 0],O=C(Nc1ccccn1)c1c[nH]c(C2CC2)c1,312.4170000000001,2.7495200000000013,2,4,72.94,6,True
CHEMBL5598610,CC(C)NC(=O)[C@H](Nc1ccc2c(c1)CNC2)c1cc(Cl)cc2[nH]ncc12,DENGUE,4.46387101424108,NS3 protease,<rdkit.Chem.rdchem.Mol object at 0x0000021ACD823C30>,[0 1 0 ... 0 0 0],c1cc(CNc2ccc3c(c2)CNC3)c2cn[nH]c2c1,383.8830000000001,3.497300000000001,4,4,81.84,5,True
CHEMBL5598611,Cn1cc2cc(Cl)cc(C(=O)Nc3ccc4c(c3)CNC4)c2n1,DENGUE,4.002176919254275,NS3 protease,<rdkit.Chem.rdchem.Mol object at 0x0000021ACD823CA0>,[0 0 0 ... 0 0 0],O=C(Nc1ccc2c(c1)CNC2)c1cccc2c[nH]nc12,326.7870000000001,3.0822000000000003,2,4,58.95,2,True
CHEMBL5598615,O=C(Nc1ccc2c(c1)CNC2)c1cc(Br)cc2ccccc12,DENGUE,4.002176919254275,NS3 protease,<rdkit.Chem.rdchem.Mol object at 0x0000021ACD823D10>,[0 0 0 ... 0 0 0],O=C(Nc1ccc2c(c1)CNC2)c1cccc2ccccc12,367.24600000000004,4.457800000000002,2,2,41.13,2,True
CHEMBL5605985,CC(C)(c1nc2c(C(=O)Nc3ccc4c(c3)CNC4)cc(F)cc2[nH]1)S(C)(=O)=O,DENGUE,4.794011149247548,NS3 protease,<rdkit.Chem.rdchem.Mol object at 0x0000021ACD823D80>,[0 0 0 ... 0 0 0],O=C(Nc1ccc2c(c1)CNC2)c1cccc2[nH]cnc12,416.47800000000007,2.837200000000001,3,5,103.94999999999999,4,True
CHEMBL5606160,O=C(Nc1ccc2c(c1)CNC2)c1cc(F)cc2[nH]c(-c3ccccc3)nc12,DENGUE,5.435097327470795,NS3 protease,<rdkit.Chem.rdchem.Mol object at 0x0000021ACD823DF0>,[0 0 0 ... 0 0 0],O=C(Nc1ccc2c(c1)CNC2)c1cccc2[nH]c(-c3ccccc3)nc12,372.403,4.224500000000002,3,3,69.81,3,True
CHEMBL297884,COc1ccc2c(O[C@@H]3C[C@H]4C(=O)N[C@]5(C(=O)O)C[C@H]5/C=C\CCCCC[C@H](NC(=O)OC5CCCC5)C(=O)N4C3)cc(-c3csc(NC(C)C)n3)nc2c1,DENGUE,6.920818753952375,NS3 protease,<rdkit.Chem.rdchem.Mol object at 0x0000021ACD823E60>,[0 1 1 ... 0 0 0],O=C(NC1CCCCCC=CC2CC2NC(=O)C2CC(Oc3cc(-c4cscn4)nc4ccccc34)CN2C1=O)OC1CCCC1,774.941,6.052700000000005,4,11,181.31,9,False
CHEMBL1170408,C=CCCCS(=O)(=O)NC(=O)[C@H](CCC)NC(=O)[C@@H](NC(=O)[C@@H](NC(=O)OC(C)(C)C)C(C)(C)C)c1ccc(Oc2cc(-c3ccccc3)nc3cc(OC)ccc23)c(C=C)c1,DENGUE,6.799299729609228,NS3 protease,<rdkit.Chem.rdchem.Mol object at 0x0000021ACD823ED0>,[0 1 0 ... 0 0 0],c1ccc(Oc2cc(-c3ccccc3)nc3ccccc23)cc1,870.082,8.139500000000007,4,10,191.11999999999998,19,False
CHEMBL2063090,C=C[C@@H]1C[C@]1(NC(=O)[C@@H]1C[C@@H]2CN1C(=O)[C@H](C(C)(C)C)NC(=O)O[C@@H]1C[C@H]1CCCCCc1nc3ccc(OC)cc3nc1O2)C(=O)NS(=O)(=O)C1CC1,DENGUE,9.064798047360489,NS3 protease,<rdkit.Chem.rdchem.Mol object at 0x0000021ACD823F40>,[0 0 1 ... 0 0 1],O=C1NCC(=O)N2CC(CC2C(=O)NC2(C(=O)NS(=O)(=O)C3CC3)CC2)Oc2nc3ccccc3nc2CCCCCC2CC2O1,766.9180000000002,3.3019000000000016,3,11,195.22,7,False
CHEMBL3125620,CC(C)(C)NC(=O)Nc1nc(Cl)c(-c2ccc(-c3cccnc3)cc2)n(CC(=O)Nc2ccccc2C(=O)NS(=O)(=O)c2ccc(C(F)(F)F)cc2)c1=O,DENGUE,5.818156412055227,NS3 protease,<rdkit.Chem.rdchem.Mol object at 0x0000021ACDC50040>,[0 0 0 ... 0 0 0],O=C(Cn1c(-c2ccc(-c3cccnc3)cc2)cncc1=O)Nc1ccccc1C(=O)NS(=O)(=O)c1ccccc1,782.2010000000002,6.321900000000005,4,9,181.24999999999997,9,False
CHEMBL3125635,Cc1c(Cl)nc(NC(=O)NC(C)(C)C)c(=O)n1C(C(=O)Nc1ccccc1C(=O)NS(=O)(=O)c1ccc(C(F)(F)F)cc1)c1ccccc1,DENGUE,5.8996294548824375,NS3 protease,<rdkit.Chem.rdchem.Mol object at 0x0000021ACDC500B0>,[0 1 0 ... 0 0 0],O=C(NS(=O)(=O)c1ccccc1)c1ccccc1NC(=O)C(c1ccccc1)n1ccncc1=O,719.1420000000003,5.490720000000005,4,8,168.35999999999999,8,False
CHEMBL3120476,C=C[C@@H]1C[C@]1(NC(=O)[C@@H]1C[C@@H]2CN1C(=O)[C@H](C1CCCCC1)NC(=O)O[C@@H]1C[C@H]1CCCCCc1c(nc3ccccc3c1OC1CCN(CC)CC1)O2)C(=O)NS(=O)(=O)C1(C)CC1,DENGUE,9.429118384862106,NS3 protease,<rdkit.Chem.rdchem.Mol object at 0x0000021ACDC50120>,[0 0 1 ... 0 0 1],O=C1NC(C2CCCCC2)C(=O)N2CC(CC2C(=O)NC2(C(=O)NS(=O)(=O)C3CC3)CC2)Oc2nc3ccccc3c(OC3CCNCC3)c2CCCCCC2CC2O1,903.156,5.685700000000005,3,11,185.57,10,False
CHEMBL3120477,C=C[C@@H]1C[C@]1(NC(=O)[C@@H]1C[C@@H]2CN1C(=O)[C@H](C1CCCCC1)NC(=O)O[C@@H]1C[C@H]1CCCCCc1c(nc3ccccc3c1OC1CCN(CC3CC3)CC1)O2)C(=O)NS(=O)(=O)C1(C)CC1,DENGUE,9.763621775341392,NS3 protease,<rdkit.Chem.rdchem.Mol object at 0x0000021ACDC50190>,[0 0 1 ... 0 0 1],O=C1NC(C2CCCCC2)C(=O)N2CC(CC2C(=O)NC2(C(=O)NS(=O)(=O)C3CC3)CC2)Oc2nc3ccccc3c(OC3CCN(CC4CC4)CC3)c2CCCCCC2CC2O1,929.1939999999998,6.075800000000006,3,11,185.57,11,False
CHEMBL3120478,C=C[C@@H]1C[C@]1(NC(=O)[C@@H]1C[C@@H]2CN1C(=O)[C@H](C1CCCCC1)NC(=O)O[C@@H]1C[C@H]1CCCCCc1c(nc3ccccc3c1OC1CCN(CCOC)CC1)O2)C(=O)NS(=O)(=O)C1(C)CC1,DENGUE,9.290187319556129,NS3 protease,<rdkit.Chem.rdchem.Mol object at 0x0000021ACDC50200>,[0 0 1 ... 0 0 1],O=C1NC(C2CCCCC2)C(=O)N2CC(CC2C(=O)NC2(C(=O)NS(=O)(=O)C3CC3)CC2)Oc2nc3ccccc3c(OC3CCNCC3)c2CCCCCC2CC2O1,933.1819999999999,5.312200000000006,3,12,194.79999999999998,12,False
CHEMBL3120475,C=C[C@@H]1C[C@]1(NC(=O)[C@@H]1C[C@@H]2CN1C(=O)[C@H](C1CCCCC1)NC(=O)O[C@@H]1C[C@H]1CCCCCc1c(nc3ccccc3c1OC1CCNCC1)O2)C(=O)NS(=O)(=O)C1(C)CC1,DENGUE,9.861769097913378,NS3 protease,<rdkit.Chem.rdchem.Mol object at 0x0000021ACDC50270>,[0 0 1 ... 0 0 1],O=C1NC(C2CCCCC2)C(=O)N2CC(CC2C(=O)NC2(C(=O)NS(=O)(=O)C3CC3)CC2)Oc2nc3ccccc3c(OC3CCNCC3)c2CCCCCC2CC2O1,875.1020000000001,4.953400000000005,4,11,194.35999999999999,9,False
CHEMBL3120488,C=C[C@@H]1C[C@]1(NC(=O)[C@@H]1C[C@@H]2CN1C(=O)[C@H](C1CCCCC1)NC(=O)O[C@@H]1C[C@H]1CCCCCc1c(nc3ccccc3c1OCCCNC1CCC1)O2)C(=O)NS(=O)(=O)C1(C)CC1,DENGUE,9.522878745280336,NS3 protease,<rdkit.Chem.rdchem.Mol object at 0x0000021ACDC502E0>,[0 0 1 ... 0 0 1],O=C1NC(C2CCCCC2)C(=O)N2CC(CC2C(=O)NC2(C(=O)NS(=O)(=O)C3CC3)CC2)Oc2nc3ccccc3c(OCCCNC3CCC3)c2CCCCCC2CC2O1,903.156,5.733600000000005,4,11,194.35999999999999,13,False
CHEMBL3120482,C=C[C@@H]1C[C@]1(NC(=O)[C@@H]1C[C@@H]2CN1C(=O)[C@H](C1CCCCC1)NC(=O)O[C@@H]1C[C@H]1CCCCCc1c(nc3ccccc3c1OC1CCN(CCF)CC1)O2)C(=O)NS(=O)(=O)C1(C)CC1,DENGUE,8.83167008827279,NS3 protease,<rdkit.Chem.rdchem.Mol object at 0x0000021ACDC50350>,[0 0 1 ... 0 0 1],O=C1NC(C2CCCCC2)C(=O)N2CC(CC2C(=O)NC2(C(=O)NS(=O)(=O)C3CC3)CC2)Oc2nc3ccccc3c(OC3CCNCC3)c2CCCCCC2CC2O1,921.146,5.635300000000005,3,11,185.57,11,False
CHEMBL3120474,C=C[C@@H]1C[C@]1(NC(=O)[C@@H]1C[C@@H]2CN1C(=O)[C@H](C1CCCCC1)NC(=O)O[C@@H]1C[C@H]1CCCCCc1c(nc3ccccc3c1OC1CCN(C(=O)OC(C)(C)C)CC1)O2)C(=O)NS(=O)(=O)C1(C)CC1,DENGUE,7.855081936578989,NS3 protease,<rdkit.Chem.rdchem.Mol object at 0x0000021ACDC503C0>,[0 0 1 ... 0 0 1],O=C1NC(C2CCCCC2)C(=O)N2CC(CC2C(=O)NC2(C(=O)NS(=O)(=O)C3CC3)CC2)Oc2nc3ccccc3c(OC3CCNCC3)c2CCCCCC2CC2O1,975.2189999999999,6.600900000000006,3,12,211.86999999999998,9,False
CHEMBL3120479,C=C[C@@H]1C[C@]1(NC(=O)[C@@H]1C[C@@H]2CN1C(=O)[C@H](C1CCCCC1)NC(=O)O[C@@H]1C[C@H]1CCCCCc1c(nc3ccccc3c1OC1CCN(CCOC(F)(F)F)CC1)O2)C(=O)NS(=O)(=O)C1(C)CC1,DENGUE,9.09909241570928,NS3 protease,<rdkit.Chem.rdchem.Mol object at 0x0000021ACDC50430>,[0 0 1 ... 0 0 1],O=C1NC(C2CCCCC2)C(=O)N2CC(CC2C(=O)NC2(C(=O)NS(=O)(=O)C3CC3)CC2)Oc2nc3ccccc3c(OC3CCNCC3)c2CCCCCC2CC2O1,987.152,6.202200000000006,3,12,194.79999999999998,12,False
CHEMBL3120480,C=C[C@@H]1C[C@]1(NC(=O)[C@@H]1C[C@@H]2CN1C(=O)[C@H](C1CCCCC1)NC(=O)O[C@@H]1C[C@H]1CCCCCc1c(nc3ccccc3c1OC1CCN(CCS(C)(=O)=O)CC1)O2)C(=O)NS(=O)(=O)C1(C)CC1,DENGUE,8.55129643016921,NS3 protease,<rdkit.Chem.rdchem.Mol object at 0x0000021ACDC504A0>,[0 0 1 ... 0 0 1],O=C1NC(C2CCCCC2)C(=O)N2CC(CC2C(=O)NC2(C(=O)NS(=O)(=O)C3CC3)CC2)Oc2nc3ccccc3c(OC3CCNCC3)c2CCCCCC2CC2O1,981.2479999999999,4.710400000000006,3,13,219.70999999999998,12,False
CHEMBL3120481,C=C[C@@H]1C[C@]1(NC(=O)[C@@H]1C[C@@H]2CN1C(=O)[C@H](C1CCCCC1)NC(=O)O[C@@H]1C[C@H]1CCCCCc1c(nc3ccccc3c1OC1CCN(CC(F)(F)F)CC1)O2)C(=O)NS(=O)(=O)C1(C)CC1,DENGUE,7.736384891181235,NS3 protease,<rdkit.Chem.rdchem.Mol object at 0x0000021ACDC50510>,[0 0 1 ... 0 0 1],O=C1NC(C2CCCCC2)C(=O)N2CC(CC2C(=O)NC2(C(=O)NS(=O)(=O)C3CC3)CC2)Oc2nc3ccccc3c(OC3CCNCC3)c2CCCCCC2CC2O1,957.1260000000001,6.228100000000006,3,11,185.57,10,False
CHEMBL3120492,C=C[C@@H]1C[C@]1(NC(=O)[C@@H]1C[C@@H]2CN1C(=O)[C@H](C1CCCCC1)NC(=O)O[C@@H]1C[C@H]1CCCCCc1c(nc3ccccc3c1OCCCN1CCN(C)CC1)O2)C(=O)NS(=O)(=O)C1(C)CC1,DENGUE,9.502621527706186,NS3 protease,<rdkit.Chem.rdchem.Mol object at 0x0000021ACDC50580>,[0 0 1 ... 0 0 1],O=C1NC(C2CCCCC2)C(=O)N2CC(CC2C(=O)NC2(C(=O)NS(=O)(=O)C3CC3)CC2)Oc2nc3ccccc3c(OCCCN3CCNCC3)c2CCCCCC2CC2O1,932.1979999999998,4.838900000000007,3,12,188.81,12,False
CHEMBL3120493,C=C[C@@H]1C[C@]1(NC(=O)[C@@H]1C[C@@H]2CN1C(=O)[C@H](C1CCCCC1)NC(=O)O[C@@H]1C[C@H]1CCCCCc1c(nc3ccccc3c1OC1CCN(C)CC1)O2)C(=O)NS(=O)(=O)C1(C)CC1,DENGUE,9.306661358019582,NS3 protease,<rdkit.Chem.rdchem.Mol object at 0x0000021ACDC505F0>,[0 0 1 ... 0 0 1],O=C1NC(C2CCCCC2)C(=O)N2CC(CC2C(=O)NC2(C(=O)NS(=O)(=O)C3CC3)CC2)Oc2nc3ccccc3c(OC3CCNCC3)c2CCCCCC2CC2O1,889.129,5.295600000000005,3,11,185.57,9,False
CHEMBL3120490,C=C[C@@H]1C[C@]1(NC(=O)[C@@H]1C[C@@H]2CN1C(=O)[C@H](C1CCCCC1)NC(=O)O[C@@H]1C[C@H]1CCCCCc1c(nc3ccccc3c1OCCCN1CC(F)(F)C1)O2)C(=O)NS(=O)(=O)C1(C)CC1,DENGUE,8.792513326014591,NS3 protease,<rdkit.Chem.rdchem.Mol object at 0x0000021ACDC50660>,[0 0 1 ... 0 0 1],O=C1NC(C2CCCCC2)C(=O)N2CC(CC2C(=O)NC2(C(=O)NS(=O)(=O)C3CC3)CC2)Oc2nc3ccccc3c(OCCCN3CCC3)c2CCCCCC2CC2O1,925.109,5.542400000000005,3,11,185.57,12,False
CHEMBL3120491,C=C[C@@H]1C[C@]1(NC(=O)[C@@H]1C[C@@H]2CN1C(=O)[C@H](C1CCCCC1)NC(=O)O[C@@H]1C[C@H]1CCCCCc1c(nc3ccccc3c1OCCCN1CCOCC1)O2)C(=O)NS(=O)(=O)C1(C)CC1,DENGUE,9.00222627526243,NS3 protease,<rdkit.Chem.rdchem.Mol object at 0x0000021ACDC506D0>,[0 0 1 ... 0 0 1],O=C1NC(C2CCCCC2)C(=O)N2CC(CC2C(=O)NC2(C(=O)NS(=O)(=O)C3CC3)CC2)Oc2nc3ccccc3c(OCCCN3CCOCC3)c2CCCCCC2CC2O1,919.1549999999999,4.9237000000000055,3,12,194.79999999999998,12,False
CHEMBL3120169,C=C[C@@H]1C[C@]1(NC(=O)[C@@H]1C[C@@H]2CN1C(=O)[C@H](C1CCCCC1)NC(=O)O[C@@H]1C[C@H]1CCCCCc1c(nc3ccccc3c1OCCCNC1CC(F)(F)C1)O2)C(=O)NS(=O)(=O)C1(C)CC1,DENGUE,9.457533212531642,NS3 protease,<rdkit.Chem.rdchem.Mol object at 0x0000021ACDC50740>,[0 0 1 ... 0 0 1],O=C1NC(C2CCCCC2)C(=O)N2CC(CC2C(=O)NC2(C(=O)NS(=O)(=O)C3CC3)CC2)Oc2nc3ccccc3c(OCCCNC3CCC3)c2CCCCCC2CC2O1,939.1360000000001,5.978800000000005,4,11,194.35999999999999,13,False
CHEMBL3120483,C=C[C@@H]1C[C@]1(NC(=O)[C@@H]1C[C@@H]2CN1C(=O)[C@H](C1CCCCC1)NC(=O)O[C@@H]1C[C@H]1CCCCCc1c(nc3ccccc3c1OC1CCOCC1)O2)C(=O)NS(=O)(=O)C1(C)CC1,DENGUE,8.576275368750412,NS3 protease,<rdkit.Chem.rdchem.Mol object at 0x0000021ACDC507B0>,[0 0 1 ... 0 0 1],O=C1NC(C2CCCCC2)C(=O)N2CC(CC2C(=O)NC2(C(=O)NS(=O)(=O)C3CC3)CC2)Oc2nc3ccccc3c(OC3CCOCC3)c2CCCCCC2CC2O1,876.0860000000001,5.380400000000004,3,11,191.56,9,False
CHEMBL3120489,C=C[C@@H]1C[C@]1(NC(=O)[C@@H]1C[C@@H]2CN1C(=O)[C@H](C1CCCCC1)NC(=O)O[C@@H]1C[C@H]1CCCCCc1c(nc3ccccc3c1OCCCN1CC(F)C1)O2)C(=O)NS(=O)(=O)C1(C)CC1,DENGUE,9.057800587221656,NS3 protease,<rdkit.Chem.rdchem.Mol object at 0x0000021ACDC50820>,[0 0 1 ... 0 0 1],O=C1NC(C2CCCCC2)C(=O)N2CC(CC2C(=O)NC2(C(=O)NS(=O)(=O)C3CC3)CC2)Oc2nc3ccccc3c(OCCCN3CCC3)c2CCCCCC2CC2O1,907.119,5.245200000000005,3,11,185.57,12,False
CHEMBL3125169,C=Cc1cc(C(NC(=O)OC(C)(C)C)C(=O)Nc2cccc(C(=O)NS(=O)(=O)c3ccc(C(F)(F)F)cc3)c2)ccc1Oc1cc(OC)nc(-c2ccccc2)n1,DENGUE,6.7447274948966935,NS3 protease,<rdkit.Chem.rdchem.Mol object at 0x0000021ACDC50890>,[0 1 0 ... 0 0 0],O=C(Cc1ccc(Oc2ccnc(-c3ccccc3)n2)cc1)Nc1cccc(C(=O)NS(=O)(=O)c2ccccc2)c1,803.816,7.929500000000007,3,10,174.90999999999997,12,False
CHEMBL3125043,C=Cc1cc([C@H](NC(=O)[C@@H](NC(=O)OC(C)(C)C)C(C)(C)C)C(=O)Nc2cccc(C(=O)NS(=O)(=O)c3ccc(C(F)(F)F)cc3)c2)ccc1Oc1cc(OC)nc(-c2ccccc2)n1,DENGUE,6.958607314841775,NS3 protease,<rdkit.Chem.rdchem.Mol object at 0x0000021ACDC50900>,[0 1 0 ... 0 0 0],O=C(Cc1ccc(Oc2ccnc(-c3ccccc3)n2)cc1)Nc1cccc(C(=O)NS(=O)(=O)c2ccccc2)c1,916.9760000000001,8.460400000000007,4,11,204.00999999999993,14,False
CHEMBL3125634,CC(C)(C)NC(=O)Nc1nc(Cl)c(CCC2CCCCC2)n(CC(=O)Nc2ccccc2C(=O)NS(=O)(=O)c2ccc(C(F)(F)F)cc2)c1=O,DENGUE,6.494850021680094,NS3 protease,<rdkit.Chem.rdchem.Mol object at 0x0000021ACDC50970>,[0 0 1 ... 0 0 0],O=C(Cn1c(CCC2CCCCC2)cncc1=O)Nc1ccccc1C(=O)NS(=O)(=O)c1ccccc1,739.2170000000003,6.105800000000006,4,8,168.35999999999999,10,False
CHEMBL3740727,N=C(N)NCCC[C@H](NC(=O)c1nccs1)C(=O)N[C@@H](CCCCN)C(=O)N[C@@H](C(N)=O)c1ccc(OCc2ccc(C(F)(F)F)cc2)cc1,DENGUE,5.786747947803604,NS3 protease,<rdkit.Chem.rdchem.Mol object at 0x0000021ACDC509E0>,[0 1 0 ... 0 0 0],O=C(CNC(=O)CNC(=O)c1nccs1)NCc1ccc(OCc2ccccc2)cc1,719.7910000000004,2.0591700000000053,8,9,240.43,19,False
CHEMBL3797556,CC(C)(C)NC(=O)Nc1nc(Cl)c(CCC2CCCCC2)n(CC(=O)NC2(C(=O)NS(=O)(=O)c3ccc(C(F)(F)F)cc3)CC(OCc3ccccc3)C2)c1=O,DENGUE,7.698970004336019,NS3 protease,<rdkit.Chem.rdchem.Mol object at 0x0000021ACDC50A50>,[0 0 1 ... 0 0 0],O=C(Cn1c(CCC2CCCCC2)cncc1=O)NC1(C(=O)NS(=O)(=O)c2ccccc2)CC(OCc2ccccc2)C1,823.3350000000002,6.087700000000006,4,9,177.58999999999997,13,False
CHEMBL3797877,CC(C)(C)NC(=O)Nc1nc(Cl)c(CCC2CCCCC2)n(CC(=O)Nc2ccccc2C(=O)O)c1=O,DENGUE,7.769551078621726,NS3 protease,<rdkit.Chem.rdchem.Mol object at 0x0000021ACDC50AC0>,[0 0 1 ... 0 0 0],O=C(Cn1c(CCC2CCCCC2)cncc1=O)Nc1ccccc1,532.0410000000003,4.666500000000004,4,6,142.42000000000002,8,False
CHEMBL3799672,CC(C)(C)NC(=O)Nc1nc(Cl)c(CCC2CCCCC2)n(CC(=O)Nc2ccc(C(=O)NS(=O)(=O)c3ccc(C(F)(F)F)cc3)cc2)c1=O,DENGUE,7.221848749616356,NS3 protease,<rdkit.Chem.rdchem.Mol object at 0x0000021ACDC50B30>,[0 0 1 ... 0 0 0],O=C(Cn1c(CCC2CCCCC2)cncc1=O)Nc1ccc(C(=O)NS(=O)(=O)c2ccccc2)cc1,739.2170000000003,6.105800000000005,4,8,168.35999999999999,10,False
CHEMBL3798789,CC(C)(C)NC(=O)Nc1nc(Cl)c(Cc2cccc3ccccc23)n(CC(=O)Nc2ccccc2S(=O)(=O)NC(=O)c2ccc(C(F)(F)F)cc2)c1=O,DENGUE,7.522878745280337,NS3 protease,<rdkit.Chem.rdchem.Mol object at 0x0000021ACDC50BA0>,[0 0 0 ... 0 0 0],O=C(Cn1c(Cc2cccc3ccccc23)cncc1=O)Nc1ccccc1S(=O)(=O)NC(=O)c1ccccc1,769.2020000000002,6.336900000000004,4,8,168.35999999999999,9,False
CHEMBL3799248,CC(C)(C)NC(=O)Nc1nc(Cl)c(Cc2cccc3ccccc23)n(CC(=O)Nc2cccc(S(=O)(=O)NC(=O)c3ccc(C(F)(F)F)cc3)c2)c1=O,DENGUE,7.221848749616356,NS3 protease,<rdkit.Chem.rdchem.Mol object at 0x0000021ACDC50C10>,[0 0 0 ... 0 0 0],O=C(Cn1c(Cc2cccc3ccccc23)cncc1=O)Nc1cccc(S(=O)(=O)NC(=O)c2ccccc2)c1,769.2020000000002,6.336900000000005,4,8,168.35999999999999,9,False
CHEMBL3797530,CC(C)(C)NC(=O)Nc1nc(Cl)c(CCc2ccccc2)n(CC(=O)Nc2ccccc2S(=O)(=O)NC(=O)c2ccc(C(F)(F)F)cc2)c1=O,DENGUE,7.397940008672037,NS3 protease,<rdkit.Chem.rdchem.Mol object at 0x0000021ACDC50C80>,[0 0 0 ... 0 0 0],O=C(Cn1c(CCc2ccccc2)cncc1=O)Nc1ccccc1S(=O)(=O)NC(=O)c1ccccc1,733.1690000000002,5.378100000000003,4,8,168.35999999999999,10,False
CHEMBL3800285,COC(=O)c1ccccc1NC(=O)Cn1c(CCC2CCCCC2)c(Cl)nc(NC(=O)NC(C)(C)C)c1=O,DENGUE,7.823908740944319,NS3 protease,<rdkit.Chem.rdchem.Mol object at 0x0000021ACDC50CF0>,[0 0 1 ... 0 0 0],O=C(Cn1c(CCC2CCCCC2)cncc1=O)Nc1ccccc1,546.0680000000002,4.754900000000004,3,7,131.42,8,False
CHEMBL3799099,CC(C)(C)NC(=O)Nc1nc(Cl)c(CCC2CCCCC2)n(CC(=O)Nc2ccc(CC(=O)NS(=O)(=O)c3ccc(C(F)(F)F)cc3)cc2)c1=O,DENGUE,7.619788758288394,NS3 protease,<rdkit.Chem.rdchem.Mol object at 0x0000021ACDC50D60>,[0 0 1 ... 0 0 0],O=C(Cn1c(CCC2CCCCC2)cncc1=O)Nc1ccc(CC(=O)NS(=O)(=O)c2ccccc2)cc1,753.2440000000004,6.034700000000005,4,8,168.35999999999999,11,False
CHEMBL3798865,CC(C)(C)NC(=O)Nc1nc(Cl)c(CCC2CCCCC2)n(CC(=O)Nc2cc(-c3cncnc3)ccc2C(=O)NS(=O)(=O)c2ccc(C(F)(F)F)cc2)c1=O,DENGUE,7.522878745280337,NS3 protease,<rdkit.Chem.rdchem.Mol object at 0x0000021ACDC50DD0>,[0 0 1 ... 0 0 0],O=C(Cn1c(CCC2CCCCC2)cncc1=O)Nc1cc(-c2cncnc2)ccc1C(=O)NS(=O)(=O)c1ccccc1,817.2910000000004,6.5628000000000055,4,10,194.14,11,False
CHEMBL3799333,CC(C)(C)NC(=O)Nc1nc(Cl)c(CCC2CCCCC2)n(CC(=O)Nc2cc(F)ccc2C(=O)NS(=O)(=O)c2ccc(C(F)(F)F)cc2)c1=O,DENGUE,7.698970004336019,NS3 protease,<rdkit.Chem.rdchem.Mol object at 0x0000021ACDC50E40>,[0 0 1 ... 0 0 0],O=C(Cn1c(CCC2CCCCC2)cncc1=O)Nc1ccccc1C(=O)NS(=O)(=O)c1ccccc1,757.2070000000004,6.244900000000006,4,8,168.35999999999999,10,False
CHEMBL3921185,C=CC(=O)NC[C@H](NC(=O)NC(C)(C)C)C(=O)N1CC2[C@@H]([C@H]1C(=O)NC(CC1CCC1)C(=O)C(N)=O)C2(C)C,DENGUE,6.206875180566978,NS3 protease,<rdkit.Chem.rdchem.Mol object at 0x0000021ACDC50EB0>,[0 1 0 ... 0 0 0],O=C(NCCC1CCC1)C1NCC2CC21,546.6690000000003,-0.03269999999999418,5,6,179.8,11,False
CHEMBL3919119,N=C(N)NCCC[C@H](NC(=O)[C@H](Cc1ccc(CN)cc1)NC(=O)c1ccccc1)B(O)O,DENGUE,6.105683937315561,NS3 protease,<rdkit.Chem.rdchem.Mol object at 0x0000021ACDC50F20>,[0 1 0 ... 0 0 0],O=C(NCCc1ccccc1)c1ccccc1,454.3400000000001,-0.7535299999999955,8,6,186.57999999999996,12,False
CHEMBL3927196,CC(C)=CC(=O)CC[C@H](NC(=O)OC(C)(C)C)C(=O)N1CC2[C@@H]([C@H]1C(=O)NC(CC1CCC1)C(=O)C(N)=O)C2(C)C,DENGUE,6.808379643867388,NS3 protease,<rdkit.Chem.rdchem.Mol object at 0x0000021ACDC50F90>,[0 1 0 ... 0 0 0],O=C(NCCC1CCC1)C1NCC2CC21,574.7190000000002,2.4076000000000013,3,7,164.97,12,False
CHEMBL3954962,C=CC(=O)NC[C@H](NC(=O)[C@@H](NC(=O)c1cnccn1)C1CCCCC1)C(=O)N1C[C@@H]2CCC[C@@H]2[C@H]1C(=O)N[C@@H](CCC)C(OC(=O)C(F)(F)F)C(=O)NC1CC1,DENGUE,6.644548015097694,NS3 protease,<rdkit.Chem.rdchem.Mol object at 0x0000021ACDC51000>,[0 1 1 ... 0 0 0],O=C(CCNC(=O)C1C2CCCC2CN1C(=O)CNC(=O)C(NC(=O)c1cnccn1)C1CCCCC1)NC1CC1,804.8680000000003,1.607000000000006,5,10,217.89,17,False
CHEMBL3983582,C=CC(=O)NC[C@H](NC(=O)[C@@H](NC(=O)c1cnccn1)C1CCCCC1)C(=O)N1C[C@@H]2CCC[C@@H]2[C@H]1C(=O)N[C@@H](CCC)C(=O)C(=O)NC1CC1,DENGUE,6.1969813834132506,NS3 protease,<rdkit.Chem.rdchem.Mol object at 0x0000021ACDC51070>,[0 1 1 ... 0 0 0],O=C(CNC(=O)C1C2CCCC2CN1C(=O)CNC(=O)C(NC(=O)c1cnccn1)C1CCCCC1)C(=O)NC1CC1,706.8450000000001,0.7020000000000055,5,9,208.66,16,False
