rank,compound_id,canonical_smiles,predicted_pchembl,predicted_ic50_nM,mol_wt,logp,hbd,hba,tpsa,rotatable_bonds
1,CHEMBL305133,COc1ccc(CNC(=O)[C@H](CCOC2CCCCC2)NC(=O)OC(C)(C)C)cc1,7.06756996192466,85.59138186450187,420.5500000000002,3.9441000000000024,2,5,85.89,9
2,CHEMBL136383,COc1cccc(C(=O)CN2CCCC[C@H]2C(=O)N[C@@H](CCC2CCCCC2)C(=O)OC(C)C)c1,6.851691090354929,140.7047988487541,486.65300000000036,4.529300000000004,1,6,84.94000000000001,11
3,CHEMBL65467,COc1ccc(CN(C)C(=O)[C@H](COCC2CCCCC2)NC(=O)OC(C)(C)C)cc1,6.830458608754245,147.75472952805262,434.5770000000002,4.143800000000003,1,5,77.10000000000001,9
4,CHEMBL4463590,CC(C)(C)NS(=O)(=O)c1ccc(NC(=O)[C@H](Cc2cccs2)NC(=O)C2CCCCC2)cc1,6.823892972721274,150.0054462501686,491.6790000000003,4.071200000000003,3,5,104.37,8
5,CHEMBL151836,C[C@H](NC(=O)[C@H](Cc1ccccc1)NC(=O)OC(C)(C)C)C(=O)N[C@H](C=O)CCC1CCCCC1,6.818297926939139,151.95047885922756,487.6410000000004,3.6713000000000013,3,5,113.6,11
6,CHEMBL134909,COc1cccc(C(=O)CN2CCCC[C@H]2C(=O)N[C@@H](CC2CCCCC2)C(=O)OC(C)(C)C)c1,6.808880309420624,155.28149032761075,486.65300000000036,4.529300000000004,1,6,84.94000000000001,9
7,CHEMBL4444845,CC(C)(C)NS(=O)(=O)c1ccc(NC(=O)[C@H](CC2CCOCC2)NC(=O)C2CCCCC2)cc1,6.795291830885384,160.2168427067155,493.67000000000047,3.583700000000001,3,5,113.60000000000002,8
8,CHEMBL65402,COc1ccc(COC(=O)[C@H](COC(=O)C2CCCCC2)NC(=O)OC(C)(C)C)cc1,6.793403571056943,160.91496271263753,435.5170000000002,3.755200000000002,1,7,100.16000000000001,8
9,CHEMBL66138,COc1ccc(COC(=O)[C@H](CC(=O)OC2CCCCC2)NC(=O)OC(C)(C)C)cc1,6.791738097235669,161.53323948532076,435.5170000000002,3.897700000000002,1,7,100.16000000000001,8
10,CHEMBL65117,COc1ccc(COC(=O)[C@H](CC(=O)OC2CCCCCC2)NC(=O)OC(C)(C)C)cc1,6.791738097235669,161.53323948532076,449.54400000000027,4.287800000000003,1,7,100.16000000000001,8
11,CHEMBL173121,COc1ccc(COC(=O)[C@H](CSCC2CCCCC2)NC(=O)OC(C)(C)C)cc1,6.791525247190426,161.61242719235082,437.60200000000026,4.945200000000004,1,6,73.86,9
12,CHEMBL303099,CCC[C@@H](C(=O)N[C@@H](CC(C)C)C(N)=O)N1CC[C@@H](NCCCC2CCCCC2)C1=O,6.786425719172027,163.5212810622593,436.64100000000036,2.7223000000000015,3,4,104.53,13
13,CHEMBL36542,COc1cc(-c2oc(C)nc2C2CCCCC2)ccc1S(N)(=O)=O,6.785536421300667,163.85646403400798,350.44,3.353720000000001,1,5,95.41999999999999,4
14,CHEMBL3317626,COc1ccc(-c2oc(C3CCCCC3)nc2C)cc1S(=O)(=O)N[C@H]1CC[C@H](O)CC1,6.783865359833006,164.48815910931017,448.58500000000015,4.288120000000003,2,6,101.66000000000001,6
15,CHEMBL66951,CCC[C@H](C(=O)N[C@@H](CC(C)C)C(N)=O)N1CC[C@@](CCC)(NCCCC2CCCCC2)C1=O,6.778700654552767,166.45595833139907,478.7220000000005,3.8926000000000025,3,4,104.53,15
16,CHEMBL63853,CCC[C@@H](C(=O)N[C@@H](CC(C)C)C(N)=O)N1CC[C@@](CCC)(NCCCC2CCCCC2)C1=O,6.777171423061648,167.0431137957946,478.7220000000005,3.8926000000000025,3,4,104.53,15
17,CHEMBL209551,CC(C)(C)OC(=O)N[C@@H](CCCCCS)C(=O)NC1CCCCC1,6.776536646897984,167.28744689438494,358.5480000000002,3.818800000000003,3,4,67.42999999999999,8
18,CHEMBL80361,COc1ccc(S(=O)(=O)C(C)(CC2CCCCC2)C(=O)NO)cc1,6.767845977286326,170.6687559118044,355.456,2.7034000000000002,2,5,92.7,6
19,CHEMBL4463218,CC(C)(C)NS(=O)(=O)c1ccc(NC(=O)[C@H](CC2CCCCC2)NC(=O)C2CCCCC2)cc1,6.761764941122607,173.07528637422453,491.6980000000005,4.737400000000004,3,4,104.37,8
20,CHEMBL4443132,CC(C)(C)NS(=O)(=O)c1ccc(NC(=O)[C@H](CC2CC2)NC(=O)C2CCCCC2)cc1,6.76033899411358,173.64448953460325,449.61700000000036,3.5671000000000017,3,4,104.37,8
21,CHEMBL4449181,CC(C)(C)NS(=O)(=O)c1ccc(NC(=O)[C@@H](Cc2ccccc2)NC(=O)C2CCCCC2)cc1,6.758595468759198,174.3430065926128,485.6500000000003,4.009700000000002,3,4,104.37,8
22,CHEMBL94891,CC(C)(C)OC(=O)N[C@H](C=O)CCC1CCCCC1,6.752823637911975,176.6755134351788,269.38499999999993,3.4391000000000025,1,3,55.4,5
23,CHEMBL330718,CC(C)(C)OC(=O)N[C@H](C=O)CCCC1CCCCC1,6.752823637911975,176.6755134351788,283.412,3.829200000000003,1,3,55.4,6
24,CHEMBL306177,Cc1ccc(CCC[C@H](CC(=O)O)C(=O)N[C@@H](CC2CCCCC2)C(=O)NCCC(=O)O)cc1,6.749618260074388,177.98431846478124,474.5980000000004,3.454720000000001,4,4,132.79999999999998,14
25,CHEMBL68400,CCC[C@@H](C(=O)N[C@@H](CC(C)C)C(N)=O)N1CC[C@H](NCCCC2CCCCC2)C1=O,6.748673383779306,178.37197303288093,436.64100000000036,2.7223000000000015,3,4,104.53,13
26,CHEMBL319930,CC(C)(C)OC(=O)N[C@@H](C(=O)N1CCC[C@H]1C(=O)N[C@H](C=O)CCCN=C(N)N)C1CCCCC1,6.746202014616437,179.38989901300278,494.6370000000004,1.188300000000002,4,6,169.21,10
27,CHEMBL4463355,CC(C)(C)NS(=O)(=O)c1ccc(NC(=O)[C@H](Cc2ccccc2)NC(=O)C2CCCCC2)cc1,6.745343940125284,179.74468607448506,485.6500000000003,4.009700000000002,3,4,104.37,8
28,CHEMBL93973,CCCC[C@H](CN(O)C=O)C(=O)N[C@H](C(=O)N(C)C1CCCCC1)C(C)(C)C,6.736623708658132,183.39027060520013,397.5600000000003,2.9623999999999997,2,4,89.95,10
29,CHEMBL64939,CCC[C@H](NC(=O)C(C)(C)NCCCC1CCCCC1)C(=O)N[C@@H](CC(C)C)C(N)=O,6.729377886002927,186.4756432785203,438.6570000000002,3.0162000000000013,4,4,113.32,14
30,CHEMBL280177,CCN1CCCCCC1c1ccc(-c2cc(S(=O)(=O)CC)ccc2OC)[nH]1,6.723518553173112,189.00854845191427,390.5490000000002,4.420900000000004,1,4,62.4,6
31,CHEMBL303158,CCC[C@@H](C(=O)N[C@@H](CC(C)C)C(N)=O)N1CC[C@](CCC)(NCCCC2CCCCC2)C1=O,6.722395513282985,189.49793717647333,478.7220000000005,3.8926000000000025,3,4,104.53,15
32,CHEMBL227011,CC(=O)N[C@@H](CCC1CCCCC1)C(=O)N[C@@H](Cc1ccc(F)cc1)C(=O)N1CCC[C@H]1C(N)=O,6.717674363713,191.56917824224513,488.60400000000027,2.1944999999999997,3,4,121.6,10
33,CHEMBL4441155,CC(C)(C)NS(=O)(=O)c1ccc(NC(=O)[C@H](CC2CCCCC2)NC(=O)c2ccccc2)cc1,6.716874986621903,191.92211165264095,485.6500000000003,4.470900000000004,3,4,104.37,8
34,CHEMBL169626,CN(C)c1cccc2c(S(=O)(=O)NC(CCCN=C(N)N)C(=O)NC3CCCCC3)cccc12,6.711640379605849,194.24937064681757,488.6580000000003,2.0552000000000015,4,5,142.91,10
35,CHEMBL67080,CCC[C@H](NC(=O)[C@](C)(CCC)NCCCC1CCCCC1)C(=O)N[C@@H](CC(C)C)C(N)=O,6.710990464172742,194.54027964673736,466.7110000000003,3.796400000000003,4,4,113.32,16
36,CHEMBL331123,COc1cc(Nc2nc(OCC3CCCCC3)c3[nH]cnc3n2)ccc1S(N)(=O)=O,6.7042056905419845,197.6033529496708,432.50600000000003,2.7116,3,8,145.10999999999999,7
37,CHEMBL209216,CCC[C@H](NC(=O)C1(NC(=O)OC(C)(C)C)CCCCC1)C(=O)c1nnc(-c2ccco2)o1,6.700428092342995,199.32965159223974,460.53100000000023,4.024800000000003,2,8,136.56,8
38,CHEMBL89914,CCCC[C@H](CN(O)C=O)C(=O)N[C@@H](CC1CCCCC1)C(=O)N(C)C,6.698236242427399,200.3381954650129,369.5060000000002,2.183799999999999,2,4,89.95,11
39,CHEMBL216704,COc1cc(NC(=O)C2CC(=O)N(C3CCCCC3)C2)cc(C(F)(F)F)c1,6.696446370377262,201.1655595715273,384.398,3.833700000000003,1,3,58.64,4
40,CHEMBL154040,C[C@@H](NC(=O)[C@@H](NC(=O)[C@H](CCCC1CCCCC1)CC(=O)NO)C(C)(C)C)c1ccccc1,6.6842843082984436,206.87865865666868,473.6580000000002,4.657000000000003,4,4,107.53000000000002,11
41,CHEMBL157112,CC(C)(C)[C@H](NC(=O)[C@H](CCCc1ccccc1)CC(=O)NO)C(=O)NC1CCCCC1,6.680488306577563,208.69483144503215,445.60400000000027,3.5008000000000017,4,4,107.53,10
42,CHEMBL78047,COC(=O)CCNC(=O)[C@H](CC1CCCCC1)NC(=O)[C@H](CCCc1ccccc1)CC(=O)O,6.678432208426271,209.68520646886398,474.5980000000003,3.2347,3,5,121.8,14
43,CHEMBL81202,CCCC(=O)[C@H](O)[C@H](CC1CCCCC1)NC(=O)[C@H](Cc1c[nH]cn1)NC(=O)OC(C)(C)C,6.673071477214825,212.28950421509265,464.60700000000014,3.030800000000001,4,6,133.41,11
44,CHEMBL154215,CC(C)(C)[C@H](NC(=O)[C@H](CCCc1ccccc1)CC(=O)O)C(=O)NC1CCCCC1,6.6728683004474965,212.38884323021963,430.5890000000003,4.080000000000002,3,3,95.5,10
45,CHEMBL32881,Cc1nc(N)ccc1CNC(=O)Cn1c(C)cc(S(=O)(=O)C2CCCCC2)c(N)c1=O,6.6715169859528,213.05072383626256,447.5610000000003,1.4473399999999994,3,8,150.17,6
46,CHEMBL167503,COc1ccc(S(=O)(=O)NC(=O)NC2CCCCC2)cc1C1OC(=O)NC1=O,6.668823179559691,214.37632440403186,411.43600000000026,1.3232999999999993,3,7,139.9,5
47,CHEMBL63897,CCC[C@H](NC(=O)[C@@H](CC)NCCCC1CCCCC1)C(=O)N[C@@H](CC(C)C)C(N)=O,6.666773211775404,215.39062091664692,438.6570000000002,3.0162000000000013,4,4,113.32,15
48,CHEMBL165439,COc1ccc(S(=O)(=O)c2ccc(CN3CCN(C4CCCCC4)C[C@H]3C)cc2)cc1,6.665356497593606,216.09439499699081,442.6250000000003,4.366800000000004,0,5,49.85000000000001,6
49,CHEMBL305129,COc1ccc(S(=O)(=O)N[C@H](CCCNC(=O)C2CCCCC2)C(=O)NO)cc1,6.661777846815992,217.88240138080448,427.52300000000025,1.3242,4,6,133.82999999999998,10
50,CHEMBL91055,O=C(O)C[C@H](CCCc1ccccc1)C(=O)N[C@@H](CC1CCCCC1)C(=O)NCCc1ccccc1,6.661164526916228,218.190316911127,492.6600000000005,4.914300000000004,3,3,95.5,14
