compound_id,predicted_pchembl,predicted_ic50_nM,vina_score_kcal_mol,final_score,canonical_smiles,mol_wt,logp,hbd,hba,tpsa,rotatable_bonds,lipinski_pass,veber_pass,absorption_pass,admet_pass
CHEMBL305133,7.06756996192466,85.59138186450187,-6.296,0.7736489504242966,COc1ccc(CNC(=O)[C@H](CCOC2CCCCC2)NC(=O)OC(C)(C)C)cc1,420.5500000000002,3.9441000000000024,2.0,5.0,85.89,9.0,True,True,True,True
CHEMBL4449181,6.758595468759198,174.3430065926128,-7.563,0.543842970762852,CC(C)(C)NS(=O)(=O)c1ccc(NC(=O)[C@@H](Cc2ccccc2)NC(=O)C2CCCCC2)cc1,485.6500000000003,4.009700000000002,3.0,4.0,104.37,8.0,True,True,True,True
CHEMBL3317626,6.783865359833006,164.48815910931015,-7.305,0.5350583765209111,COc1ccc(-c2oc(C3CCCCC3)nc2C)cc1S(=O)(=O)N[C@H]1CC[C@H](O)CC1,448.58500000000015,4.288120000000003,2.0,6.0,101.66000000000001,6.0,True,True,True,True
CHEMBL4463590,6.823892972721274,150.0054462501686,-6.631,0.4737425736575283,CC(C)(C)NS(=O)(=O)c1ccc(NC(=O)[C@H](Cc2cccs2)NC(=O)C2CCCCC2)cc1,491.6790000000003,4.071200000000003,3.0,5.0,104.37,8.0,True,True,True,True
CHEMBL4463218,6.761764941122607,173.07528637422453,-7.025,0.4524079105460643,CC(C)(C)NS(=O)(=O)c1ccc(NC(=O)[C@H](CC2CCCCC2)NC(=O)C2CCCCC2)cc1,491.6980000000005,4.737400000000004,3.0,4.0,104.37,8.0,True,True,True,True
CHEMBL4444845,6.795291830885384,160.2168427067155,-6.7,0.4438439747983044,CC(C)(C)NS(=O)(=O)c1ccc(NC(=O)[C@H](CC2CCOCC2)NC(=O)C2CCCCC2)cc1,493.67000000000047,3.583700000000001,3.0,5.0,113.60000000000002,8.0,True,True,True,True
CHEMBL4463355,6.745343940125284,179.74468607448506,-6.913,0.4081556983708321,CC(C)(C)NS(=O)(=O)c1ccc(NC(=O)[C@H](Cc2ccccc2)NC(=O)C2CCCCC2)cc1,485.6500000000003,4.009700000000002,3.0,4.0,104.37,8.0,True,True,True,True
CHEMBL134909,6.808880309420624,155.28149032761075,-6.305,0.3933382191185627,COc1cccc(C(=O)CN2CCCC[C@H]2C(=O)N[C@@H](CC2CCCCC2)C(=O)OC(C)(C)C)c1,486.65300000000036,4.529300000000004,1.0,6.0,84.94000000000001,9.0,True,True,True,True
CHEMBL65402,6.793403571056943,160.91496271263753,-6.391,0.3858530111792846,COc1ccc(COC(=O)[C@H](COC(=O)C2CCCCC2)NC(=O)OC(C)(C)C)cc1,435.5170000000002,3.755200000000002,1.0,7.0,100.16000000000001,8.0,True,True,True,True
CHEMBL4441155,6.716874986621903,191.9221116526409,-6.944,0.3716635118659544,CC(C)(C)NS(=O)(=O)c1ccc(NC(=O)[C@H](CC2CCCCC2)NC(=O)c2ccccc2)cc1,485.6500000000003,4.470900000000004,3.0,4.0,104.37,8.0,True,True,True,True
CHEMBL216704,6.696446370377262,201.1655595715273,-7.082,0.3661574199144001,COc1cc(NC(=O)C2CC(=O)N(C3CCCCC3)C2)cc(C(F)(F)F)c1,384.398,3.833700000000003,1.0,3.0,58.64,4.0,True,True,True,True
CHEMBL4443132,6.76033899411358,173.64448953460325,-6.462,0.3497220856276555,CC(C)(C)NS(=O)(=O)c1ccc(NC(=O)[C@H](CC2CC2)NC(=O)C2CCCCC2)cc1,449.61700000000036,3.5671000000000017,3.0,4.0,104.37,8.0,True,True,True,True
CHEMBL157112,6.680488306577563,208.6948314450321,-7.066,0.3397391824931043,CC(C)(C)[C@H](NC(=O)[C@H](CCCc1ccccc1)CC(=O)NO)C(=O)NC1CCCCC1,445.60400000000027,3.5008000000000017,4.0,4.0,107.53,10.0,True,True,True,True
CHEMBL80361,6.767845977286326,170.6687559118044,-6.286,0.3293624735493856,COc1ccc(S(=O)(=O)C(C)(CC2CCCCC2)C(=O)NO)cc1,355.456,2.7034000000000002,2.0,5.0,92.7,6.0,True,True,True,True
CHEMBL36542,6.785536421300667,163.85646403400798,-6.135,0.3285035770658046,COc1cc(-c2oc(C)nc2C2CCCCC2)ccc1S(N)(=O)=O,350.44,3.353720000000001,1.0,5.0,95.41999999999999,4.0,True,True,True,True
CHEMBL65117,6.791738097235669,161.53323948532076,-6.01,0.3153280742940967,COc1ccc(COC(=O)[C@H](CC(=O)OC2CCCCCC2)NC(=O)OC(C)(C)C)cc1,449.54400000000027,4.287800000000003,1.0,7.0,100.16000000000001,8.0,True,True,True,True
CHEMBL66138,6.791738097235669,161.53323948532076,-5.939,0.3026438402610463,COc1ccc(COC(=O)[C@H](CC(=O)OC2CCCCC2)NC(=O)OC(C)(C)C)cc1,435.5170000000002,3.897700000000002,1.0,7.0,100.16000000000001,8.0,True,True,True,True
CHEMBL173121,6.791525247190426,161.61242719235082,-5.927,0.3001857831467796,COc1ccc(COC(=O)[C@H](CSCC2CCCCC2)NC(=O)OC(C)(C)C)cc1,437.60200000000026,4.945200000000004,1.0,6.0,73.86,9.0,True,True,True,True
CHEMBL280177,6.723518553173112,189.0085484519143,-6.485,0.2994709026223868,CCN1CCCCCC1c1ccc(-c2cc(S(=O)(=O)CC)ccc2OC)[nH]1,390.5490000000002,4.420900000000004,1.0,4.0,62.4,6.0,True,True,True,True
CHEMBL65467,6.830458608754245,147.75472952805262,-5.599,0.2990677828714347,COc1ccc(CN(C)C(=O)[C@H](COCC2CCCCC2)NC(=O)OC(C)(C)C)cc1,434.5770000000002,4.143800000000003,1.0,5.0,77.10000000000001,9.0,True,True,True,True
CHEMBL165439,6.665356497593606,216.0943949969908,-6.949,0.296497023611464,COc1ccc(S(=O)(=O)c2ccc(CN3CCN(C4CCCCC4)C[C@H]3C)cc2)cc1,442.6250000000003,4.366800000000004,0.0,5.0,49.85000000000001,6.0,True,True,True,True
CHEMBL154215,6.6728683004474965,212.38884323021963,-6.764,0.2745366664569371,CC(C)(C)[C@H](NC(=O)[C@H](CCCc1ccccc1)CC(=O)O)C(=O)NC1CCCCC1,430.5890000000003,4.080000000000002,3.0,3.0,95.5,10.0,True,True,True,True
CHEMBL209551,6.776536646897984,167.28744689438494,-5.583,0.2166012329233526,CC(C)(C)OC(=O)N[C@@H](CCCCCS)C(=O)NC1CCCCC1,358.5480000000002,3.818800000000003,3.0,4.0,67.42999999999999,8.0,True,True,True,True
CHEMBL94891,6.752823637911975,176.6755134351788,-5.58,0.1810563839052305,CC(C)(C)OC(=O)N[C@H](C=O)CCC1CCCCC1,269.38499999999993,3.4391000000000025,1.0,3.0,55.4,5.0,True,True,True,True
CHEMBL93973,6.736623708658132,183.39027060520013,-5.608,0.1621417185121494,CCCC[C@H](CN(O)C=O)C(=O)N[C@H](C(=O)N(C)C1CCCCC1)C(C)(C)C,397.5600000000003,2.9623999999999997,2.0,4.0,89.95,10.0,True,True,True,True
CHEMBL330718,6.752823637911975,176.6755134351788,-5.324,0.1353216809128231,CC(C)(C)OC(=O)N[C@H](C=O)CCCC1CCCCC1,283.412,3.829200000000003,1.0,3.0,55.4,6.0,True,True,True,True
